2382	2026-09-03T23:04:38Z	2026-09-04T16:39:00Z	docs(site): publish 2026 quality audit microsite	## Summary - publish a multi-page 2026 quality-audit microsite at `/quality/2026` - present the nine confirmed externally reported defects as source-linked case files, with issue #2348 documented separately as a release-provenance exception - add year-over-year context for delivery pace, test growth
2381	2026-09-03T06:01:14Z	2026-09-03T06:11:43Z	chore(deps): update dependency eslint-plugin-jest to v29.16.6	This PR contains the following updates: | Package | Change | [Age](https://docs.renovatebot.com/merge-confidence/) | [Confidence](https://docs.renovatebot.com/merge-confidence/) | |---|---|---|---| | [eslint-plugin-jest](https://redirect.github.com/jest-community/eslint-plugin-jest) | [`29.16.5` → `
2379	2026-09-02T10:57:00Z	2026-09-02T11:17:32Z	Fix merge queue manual acceptance check timeout	## Summary - run the manual-acceptance validator for merge-group check requests so its required status is reported on the synthetic queue commit - keep pull-request metadata validation on pull-request events, where the body and labels are available - refresh manual-acceptance validation when the des
2378	2026-09-01T20:53:26Z		fix(deps): update dependency open to v11.0.2	This PR contains the following updates: | Package | Change | [Age](https://docs.renovatebot.com/merge-confidence/) | [Confidence](https://docs.renovatebot.com/merge-confidence/) | |---|---|---|---| | [open](https://redirect.github.com/sindresorhus/open) | [`11.0.1` → `11.0.2`](https://renovatebot.co
2377	2026-09-01T20:45:08Z	2026-09-02T11:23:10Z	chore(deps): update dependency linkinator to v8.1.0	This PR contains the following updates: | Package | Change | [Age](https://docs.renovatebot.com/merge-confidence/) | [Confidence](https://docs.renovatebot.com/merge-confidence/) | |---|---|---|---| | [linkinator](https://redirect.github.com/JustinBeckwith/linkinator) | [`8.0.4` → `8.1.0`](https://re
2376	2026-08-31T18:54:21Z	2026-08-31T19:15:41Z	chore(deps): update jest monorepo to v30.5.0	This PR contains the following updates: | Package | Change | [Age](https://docs.renovatebot.com/merge-confidence/) | [Confidence](https://docs.renovatebot.com/merge-confidence/) | |---|---|---|---| | [@jest/globals](https://redirect.github.com/jestjs/jest) ([source](https://redirect.github.com/jestj
2375	2026-08-31T18:54:17Z	2026-08-31T19:03:38Z	chore(deps): update dependency @typescript-eslint/utils to v8.69.0	This PR contains the following updates: | Package | Change | [Age](https://docs.renovatebot.com/merge-confidence/) | [Confidence](https://docs.renovatebot.com/merge-confidence/) | |---|---|---|---| | [@typescript-eslint/utils](https://typescript-eslint.io/packages/utils) ([source](https://redirect.g
2374	2026-08-30T23:07:19Z	2026-08-30T23:21:20Z	fix(deps): update dependency posthog-node to v5.51.4	This PR contains the following updates: | Package | Change | [Age](https://docs.renovatebot.com/merge-confidence/) | [Confidence](https://docs.renovatebot.com/merge-confidence/) | |---|---|---|---| | [posthog-node](https://redirect.github.com/PostHog/posthog-js) ([source](https://redirect.github.com
2373	2026-08-30T22:55:29Z	2026-08-30T23:05:06Z	chore(deps): update dependency eslint-plugin-jest to v29.16.5	This PR contains the following updates: | Package | Change | [Age](https://docs.renovatebot.com/merge-confidence/) | [Confidence](https://docs.renovatebot.com/merge-confidence/) | |---|---|---|---| | [eslint-plugin-jest](https://redirect.github.com/jest-community/eslint-plugin-jest) | [`29.16.2` → `
2372	2026-08-30T22:50:50Z	2026-08-30T23:00:05Z	fix(deps): update dependency astro to v7.2.9	This PR contains the following updates: | Package | Change | [Age](https://docs.renovatebot.com/merge-confidence/) | [Confidence](https://docs.renovatebot.com/merge-confidence/) | |---|---|---|---| | [astro](https://astro.build) ([source](https://redirect.github.com/withastro/astro/tree/HEAD/package
2371	2026-08-30T13:04:02Z	2026-08-30T13:17:36Z	fix(deps): update dependency posthog-node to v5.51.3	This PR contains the following updates: | Package | Change | [Age](https://docs.renovatebot.com/merge-confidence/) | [Confidence](https://docs.renovatebot.com/merge-confidence/) | |---|---|---|---| | [posthog-node](https://redirect.github.com/PostHog/posthog-js) ([source](https://redirect.github.com
2370	2026-08-30T02:10:59Z		Version Packages	This PR was opened by the [Changesets release](https://github.com/changesets/action) GitHub action. When you're ready to do a release, you can merge this and publish to npm yourself or [setup this action to publish automatically](https://github.com/changesets/action#with-publishing). If you're not r
2369	2026-08-30T01:56:16Z	2026-08-30T02:09:40Z	fix(deps): update dependency js-yaml to v5.4.1	This PR contains the following updates: | Package | Change | [Age](https://docs.renovatebot.com/merge-confidence/) | [Confidence](https://docs.renovatebot.com/merge-confidence/) | |---|---|---|---| | [js-yaml](https://redirect.github.com/nodeca/js-yaml) | [`5.4.0` → `5.4.1`](https://renovatebot.com/
2368	2026-08-30T01:56:08Z	2026-08-30T02:06:11Z	fix(deps): update dependency astro to v7.2.8	This PR contains the following updates: | Package | Change | [Age](https://docs.renovatebot.com/merge-confidence/) | [Confidence](https://docs.renovatebot.com/merge-confidence/) | |---|---|---|---| | [astro](https://astro.build) ([source](https://redirect.github.com/withastro/astro/tree/HEAD/package
2367	2026-08-29T13:24:30Z		feat: implement product-led adoption foundation	## Summary Implements the product-led adoption foundation for Counterfact: a measurable 90-day program, privacy-preserving CLI activation telemetry, a stronger homepage activation path, runnable React/Vite and Playwright examples, and CI that keeps those examples working. This revision moves framewo
2365	2026-08-29T12:33:19Z	2026-09-02T11:26:31Z	Fix OpenAPI watch input classification and overlay hot reload	## Summary - add a shared `@counterfact/openapi` source classifier that recognizes parsed HTTP(S) URLs, converts `file:` URLs to local paths, preserves NUL rejection, and keeps ordinary names such as `httpspec.yaml` local - make runtime and generator watchers observe every unique local OpenAPI input
2364	2026-08-29T12:23:27Z		fix(deps): update dependency @apidevtools/json-schema-ref-parser to v16.0.1	This PR contains the following updates: | Package | Change | [Age](https://docs.renovatebot.com/merge-confidence/) | [Confidence](https://docs.renovatebot.com/merge-confidence/) | |---|---|---|---| | [@apidevtools/json-schema-ref-parser](https://apidevtools.com/json-schema-ref-parser/) ([source](htt
2362	2026-08-29T12:20:25Z		fix(runtime): validate implicit 200 responses	## Summary - validate handler responses that omit `status` against the OpenAPI `200` response definition - preserve explicit-status and `default` response behavior - cover the regression through focused runtime tests and the shipped CLI journey - document the implicit-success validation rule and rel
2361	2026-08-29T11:43:47Z		test(repl): raise mutation score to 80%	## Summary - Add REPL behavior tests for root proxy messaging and deterministic proxy-status ordering. - Cover dot-path rejection, scenario failures, and unavailable multi-API route bindings. - Raise the REPL incremental mutation score from 78.05% to 80.08% (418/522 detected mutants). ## Validation 
2360	2026-08-29T02:40:57Z	2026-08-29T02:50:30Z	fix(deps): update dependency astro to v7.2.7	This PR contains the following updates: | Package | Change | [Age](https://docs.renovatebot.com/merge-confidence/) | [Confidence](https://docs.renovatebot.com/merge-confidence/) | |---|---|---|---| | [astro](https://astro.build) ([source](https://redirect.github.com/withastro/astro/tree/HEAD/package
2359	2026-08-29T02:40:47Z	2026-08-29T02:50:30Z	chore(deps): update dependency eslint-plugin-jest to v29.16.2	This PR contains the following updates: | Package | Change | [Age](https://docs.renovatebot.com/merge-confidence/) | [Confidence](https://docs.renovatebot.com/merge-confidence/) | |---|---|---|---| | [eslint-plugin-jest](https://redirect.github.com/jest-community/eslint-plugin-jest) | [`29.16.1` → `
2356	2026-08-28T13:42:01Z	2026-08-28T13:56:49Z	fix(deps): update dependency posthog-node to v5.51.2	This PR contains the following updates: | Package | Change | [Age](https://docs.renovatebot.com/merge-confidence/) | [Confidence](https://docs.renovatebot.com/merge-confidence/) | |---|---|---|---| | [posthog-node](https://redirect.github.com/PostHog/posthog-js) ([source](https://redirect.github.com
2355	2026-08-28T13:41:26Z	2026-08-28T14:05:29Z	fix(release): allow version script to update lockfile on CI	## Summary Fix the Release workflow failure after `changeset version` updates internal workspace versions. On GitHub Actions, Yarn enables immutable installs by default, so the lockfile-refresh install in `release:version` failed with `YN0028`. The version script now passes `--no-immutable` for that
2354	2026-08-28T12:48:02Z	2026-08-28T13:02:37Z	fix(deps): update dependency js-yaml to v5.4.0	This PR contains the following updates: | Package | Change | [Age](https://docs.renovatebot.com/merge-confidence/) | [Confidence](https://docs.renovatebot.com/merge-confidence/) | |---|---|---|---| | [js-yaml](https://redirect.github.com/nodeca/js-yaml) | [`5.3.0` → `5.4.0`](https://renovatebot.com/
2353	2026-08-28T12:47:38Z	2026-08-28T13:25:41Z	fix(ci): enable automatic npm publication	## Summary Enable the Release workflow to publish merged package versions automatically on pushes to `main` when no pending changesets remain. Manual dispatch remains available as a retry/recovery path. The existing npm trusted-publishing environment, OIDC permission, verified build, and provenance 
2352	2026-08-28T00:08:45Z	2026-08-28T00:17:47Z	chore(deps): update typescript-eslint monorepo to v8.68.0	This PR contains the following updates: | Package | Change | [Age](https://docs.renovatebot.com/merge-confidence/) | [Confidence](https://docs.renovatebot.com/merge-confidence/) | |---|---|---|---| | [@typescript-eslint/eslint-plugin](https://typescript-eslint.io/packages/eslint-plugin) ([source](ht
2351	2026-08-28T00:08:33Z	2026-08-28T00:17:30Z	chore(deps): update dependency eslint to v10.9.1	This PR contains the following updates: | Package | Change | [Age](https://docs.renovatebot.com/merge-confidence/) | [Confidence](https://docs.renovatebot.com/merge-confidence/) | |---|---|---|---| | [eslint](https://eslint.org) ([source](https://redirect.github.com/eslint/eslint)) | [`10.9.0` → `10
2350	2026-08-27T18:27:18Z	2026-08-27T18:41:37Z	fix(deps): update dependency posthog-node to v5.51.1	This PR contains the following updates: | Package | Change | [Age](https://docs.renovatebot.com/merge-confidence/) | [Confidence](https://docs.renovatebot.com/merge-confidence/) | |---|---|---|---| | [posthog-node](https://redirect.github.com/PostHog/posthog-js) ([source](https://redirect.github.com
2349	2026-08-27T18:20:47Z	2026-08-27T18:32:33Z	fix(deps): update dependency astro to v7.2.6	This PR contains the following updates: | Package | Change | [Age](https://docs.renovatebot.com/merge-confidence/) | [Confidence](https://docs.renovatebot.com/merge-confidence/) | |---|---|---|---| | [astro](https://astro.build) ([source](https://redirect.github.com/withastro/astro/tree/HEAD/package
2347	2026-08-24T21:31:14Z	2026-08-24T21:41:04Z	fix logo on the home page	
2345	2026-08-24T20:53:37Z	2026-08-24T21:03:35Z	fix(site): refresh satteri lockfile entries	## Summary - Refresh `site/package-lock.json` so the transitive `satteri` dependency resolves to the currently published `0.10.5` package set. - Add the missing Darwin ARM64 and Linux x64 musl optional packages required by clean `npm ci` installs. ## Why The Pages deployment for PR #2337 failed duri
2344	2026-08-24T19:58:17Z		feat: clarify CLI startup output	## Summary Replace Counterfact’s large ASCII startup banner and random tagline with a compact, color-coded startup flow that explains what the CLI is doing and leaves a clear readiness summary. Interactive terminals now show: - muted progress indicators while Counterfact loads and prepares the mock;
2343	2026-08-24T19:58:08Z	2026-08-24T20:14:03Z	fix(deps): update dependency posthog-node to v5.50.0	This PR contains the following updates: | Package | Change | [Age](https://docs.renovatebot.com/merge-confidence/) | [Confidence](https://docs.renovatebot.com/merge-confidence/) | |---|---|---|---| | [posthog-node](https://redirect.github.com/PostHog/posthog-js) ([source](https://redirect.github.com
2342	2026-08-24T18:15:14Z	2026-08-24T18:34:06Z	chore(deps): update dependency eslint to v10.9.0	This PR contains the following updates: | Package | Change | [Age](https://docs.renovatebot.com/merge-confidence/) | [Confidence](https://docs.renovatebot.com/merge-confidence/) | |---|---|---|---| | [eslint](https://eslint.org) ([source](https://redirect.github.com/eslint/eslint)) | [`10.8.1` → `10
2341	2026-08-24T18:10:04Z	2026-08-24T18:19:29Z	chore(deps): update dependency @typescript-eslint/utils to v8.68.0	This PR contains the following updates: | Package | Change | [Age](https://docs.renovatebot.com/merge-confidence/) | [Confidence](https://docs.renovatebot.com/merge-confidence/) | |---|---|---|---| | [@typescript-eslint/utils](https://typescript-eslint.io/packages/utils) ([source](https://redirect.g
2340	2026-08-23T21:59:40Z	2026-08-23T22:12:40Z	fix(deps): update dependency posthog-node to v5.49.2	This PR contains the following updates: | Package | Change | [Age](https://docs.renovatebot.com/merge-confidence/) | [Confidence](https://docs.renovatebot.com/merge-confidence/) | |---|---|---|---| | [posthog-node](https://redirect.github.com/PostHog/posthog-js) ([source](https://redirect.github.com
2339	2026-08-23T02:34:01Z	2026-08-28T04:46:24Z	Version Packages	This PR was opened by the [Changesets release](https://github.com/changesets/action) GitHub action. When you're ready to do a release, you can merge this and publish to npm yourself or [setup this action to publish automatically](https://github.com/changesets/action#with-publishing). If you're not r
2338	2026-08-23T02:23:54Z	2026-08-23T02:32:22Z	fix(ci): bootstrap release preflight directly	## Summary - Fix release CI preflight job to run the preflight script directly so Yarn bootstrap happens in-process before checks. - Resolves missing install-state in GitHub Actions release workflow. ## Validation - Verified on temp run: Yarn install + release preflight checks pass and no publish oc
2335	2026-08-22T22:24:09Z	2026-08-22T22:44:02Z	fix: harden OpenAPI routing and lifecycle cleanup	## Summary - prevent generated route paths and repository keys from escaping the output directory - enforce URL segment boundaries and HTTP header case-insensitivity across routing, validation, coercion, and response generation - safely encode client path parameters, inherit path-item parameters, an
2334	2026-08-22T20:41:23Z	2026-08-22T20:50:51Z	fix(deps): update astro monorepo to ^7.2.3	This PR contains the following updates: | Package | Change | [Age](https://docs.renovatebot.com/merge-confidence/) | [Confidence](https://docs.renovatebot.com/merge-confidence/) | |---|---|---|---| | [@astrojs/markdown-remark](https://astro.build) ([source](https://redirect.github.com/withastro/astr
2333	2026-08-22T13:02:14Z	2026-08-22T13:11:32Z	chore(deps): update changesets/action action to v2.1.1	This PR contains the following updates: | Package | Type | Update | Change | |---|---|---|---| | [changesets/action](https://redirect.github.com/changesets/action) | action | patch | `v2.1.0` → `v2.1.1` | --- ### Release Notes <details> <summary>changesets/action (changesets/action)</summary> ### [`
2332	2026-08-22T10:42:24Z	2026-08-22T10:51:17Z	chore(deps): update dependency @swc/core to v1.16.1	This PR contains the following updates: | Package | Change | [Age](https://docs.renovatebot.com/merge-confidence/) | [Confidence](https://docs.renovatebot.com/merge-confidence/) | |---|---|---|---| | [@swc/core](https://swc.rs) ([source](https://redirect.github.com/swc-project/swc/tree/HEAD/packages
2331	2026-08-22T10:42:21Z	2026-08-22T10:51:00Z	chore(deps): update dependency @changesets/cli to v3.0.1	This PR contains the following updates: | Package | Change | [Age](https://docs.renovatebot.com/merge-confidence/) | [Confidence](https://docs.renovatebot.com/merge-confidence/) | |---|---|---|---| | [@changesets/cli](https://changesets.dev) ([source](https://redirect.github.com/changesets/changeset
2330	2026-08-21T20:12:16Z	2026-08-21T20:21:35Z	fix(deps): update astro monorepo to ^7.2.2	This PR contains the following updates: | Package | Change | [Age](https://docs.renovatebot.com/merge-confidence/) | [Confidence](https://docs.renovatebot.com/merge-confidence/) | |---|---|---|---| | [@astrojs/markdown-remark](https://astro.build) ([source](https://redirect.github.com/withastro/astr
2329	2026-08-20T11:16:01Z	2026-08-20T11:25:13Z	chore(deps): update dependency linkinator to v8.0.4	This PR contains the following updates: | Package | Change | [Age](https://docs.renovatebot.com/merge-confidence/) | [Confidence](https://docs.renovatebot.com/merge-confidence/) | |---|---|---|---| | [linkinator](https://redirect.github.com/JustinBeckwith/linkinator) | [`8.0.3` → `8.0.4`](https://re
2328	2026-08-20T01:40:34Z	2026-08-20T01:54:20Z	fix(deps): update dependency posthog-node to v5.49.1	This PR contains the following updates: | Package | Change | [Age](https://docs.renovatebot.com/merge-confidence/) | [Confidence](https://docs.renovatebot.com/merge-confidence/) | |---|---|---|---| | [posthog-node](https://redirect.github.com/PostHog/posthog-js) ([source](https://redirect.github.com
2327	2026-08-20T01:01:19Z	2026-08-20T01:10:59Z	chore(deps): update stryker-js monorepo to v10	This PR contains the following updates: | Package | Change | [Age](https://docs.renovatebot.com/merge-confidence/) | [Confidence](https://docs.renovatebot.com/merge-confidence/) | |---|---|---|---| | [@stryker-mutator/core](https://stryker-mutator.io/) ([source](https://redirect.github.com/stryker-m
2326	2026-08-20T00:43:24Z	2026-08-20T00:52:26Z	chore(deps): update actions/upload-artifact action to v7	This PR contains the following updates: | Package | Type | Update | Change | |---|---|---|---| | [actions/upload-artifact](https://redirect.github.com/actions/upload-artifact) | action | major | `v6` → `v7` | --- ### Release Notes <details> <summary>actions/upload-artifact (actions/upload-artifact)<
2325	2026-08-20T00:43:22Z	2026-08-20T19:24:55Z	chore(deps): update actions/cache action to v6	This PR contains the following updates: | Package | Type | Update | Change | |---|---|---|---| | [actions/cache](https://redirect.github.com/actions/cache) | action | major | `v5` → `v6` | --- ### Release Notes <details> <summary>actions/cache (actions/cache)</summary> ### [`v6.1.0`](https://redirec
2323	2026-08-19T23:56:03Z	2026-08-20T00:34:31Z	test: migrate black-box coverage to Cucumber journeys	## Summary - Replace the pre-migration 32-test direct black-box inventory with exactly five named pytest-bdd/Cucumber developer journeys. - Centralize scenario-scoped temporary projects, CLI processes, dynamic ports, HTTP polling, PTY transcripts, diagnostics, and teardown. - Preserve distinct CLI, 
2320	2026-08-18T16:58:00Z		chore(deps): update changesets/action action to v2	This PR contains the following updates: | Package | Type | Update | Change | Pending | |---|---|---|---|---| | [changesets/action](https://redirect.github.com/changesets/action) | action | major | `v1.9.0` → `v2.1.0` | `v2.1.1` | --- ### Release Notes <details> <summary>changesets/action (changesets
2319	2026-08-18T16:54:23Z	2026-08-18T17:07:35Z	Only run black box tests on Windows	CI takes a long time to run on Windows. Any Windows-specific failures should be caught by the black box tests, so skip all of the other tests. 
2318	2026-08-18T16:03:56Z	2026-08-18T16:54:17Z	chore: repair monorepo release preparation	## Summary - restore compatibility between `changesets/action` and the repository's installed Changesets CLI - keep the established `version` and `publish` workflow inputs by pinning the compatible official action release - remove 13 obsolete release notes for root-only tooling, the private site, ab
2317	2026-08-18T15:48:14Z		feat: add HTTP response chaos rules	## Summary - add runtime-owned `ChaosRule` and `ChaosRegistry` APIs for HTTP-response fault injection - expose one server-level registry through every dispatcher and the live REPL, including multi-API simulators - support bounded/probabilistic faults, status, delay, case-insensitive header mutation,
2316	2026-08-18T14:54:14Z		fix(runtime): reload atomic store replacements	## Summary - make StoreLoader resilient to editor-style atomic replacements of `_.store.ts` - coalesce shallow directory events, then reload only when the store source content changes - preserve the live store object and last-good state across replacements and broken reloads - supersedes #2292 with 
2314	2026-08-17T19:03:05Z	2026-08-17T19:16:14Z	chore(deps): update dependency @swc/core to v1.16.0	This PR contains the following updates: | Package | Change | [Age](https://docs.renovatebot.com/merge-confidence/) | [Confidence](https://docs.renovatebot.com/merge-confidence/) | |---|---|---|---| | [@swc/core](https://swc.rs) ([source](https://redirect.github.com/swc-project/swc/tree/HEAD/packages
2313	2026-08-17T13:15:20Z	2026-08-20T00:52:08Z	fix(deps): update dependency js-yaml to v5.3.0	This PR contains the following updates: | Package | Change | [Age](https://docs.renovatebot.com/merge-confidence/) | [Confidence](https://docs.renovatebot.com/merge-confidence/) | |---|---|---|---| | [js-yaml](https://redirect.github.com/nodeca/js-yaml) | [`5.2.3` → `5.3.0`](https://renovatebot.com/
2312	2026-08-17T13:06:00Z	2026-08-17T13:19:00Z	fix(deps): update dependency @apidevtools/json-schema-ref-parser to v16	This PR contains the following updates: | Package | Change | [Age](https://docs.renovatebot.com/merge-confidence/) | [Confidence](https://docs.renovatebot.com/merge-confidence/) | |---|---|---|---| | [@apidevtools/json-schema-ref-parser](https://apidevtools.com/json-schema-ref-parser/) ([source](htt
2311	2026-08-17T06:15:26Z	2026-08-17T06:26:57Z	fix(deps): update dependency open to v11.0.1	This PR contains the following updates: | Package | Change | [Age](https://docs.renovatebot.com/merge-confidence/) | [Confidence](https://docs.renovatebot.com/merge-confidence/) | |---|---|---|---| | [open](https://redirect.github.com/sindresorhus/open) | [`11.0.0` → `11.0.1`](https://renovatebot.co
2310	2026-08-17T06:15:16Z		fix(deps): update dependency @apidevtools/json-schema-ref-parser to v15.5.2 - abandoned	This PR contains the following updates: | Package | Change | [Age](https://docs.renovatebot.com/merge-confidence/) | [Confidence](https://docs.renovatebot.com/merge-confidence/) | |---|---|---|---| | [@apidevtools/json-schema-ref-parser](https://apidevtools.com/json-schema-ref-parser/) ([source](htt
2309	2026-08-17T02:46:14Z	2026-08-20T00:53:31Z	fix(deps): update dependency astro to v7.2.2	This PR contains the following updates: | Package | Change | [Age](https://docs.renovatebot.com/merge-confidence/) | [Confidence](https://docs.renovatebot.com/merge-confidence/) | |---|---|---|---| | [astro](https://astro.build) ([source](https://redirect.github.com/withastro/astro/tree/HEAD/package
2308	2026-08-16T18:13:04Z	2026-08-16T18:21:01Z	chore(deps): update changesets/action action to v2.1.0	This PR contains the following updates: | Package | Type | Update | Change | |---|---|---|---| | [changesets/action](https://redirect.github.com/changesets/action) | action | minor | `v2.0.0` → `v2.1.0` | --- ### Release Notes <details> <summary>changesets/action (changesets/action)</summary> ### [`
2307	2026-08-16T09:02:42Z	2026-08-20T00:56:03Z	chore(deps): update dependency eslint-plugin-regexp to v3.2.0	This PR contains the following updates: | Package | Change | [Age](https://docs.renovatebot.com/merge-confidence/) | [Confidence](https://docs.renovatebot.com/merge-confidence/) | |---|---|---|---| | [eslint-plugin-regexp](https://redirect.github.com/ota-meshi/eslint-plugin-regexp) | [`3.1.1` → `3.2
2306	2026-08-15T12:11:40Z	2026-08-15T12:24:05Z	chore(deps): update dependency eslint-plugin-jest to v29.16.1	This PR contains the following updates: | Package | Change | [Age](https://docs.renovatebot.com/merge-confidence/) | [Confidence](https://docs.renovatebot.com/merge-confidence/) | |---|---|---|---| | [eslint-plugin-jest](https://redirect.github.com/jest-community/eslint-plugin-jest) | [`29.16.0` → `
2305	2026-08-15T01:43:09Z	2026-08-20T02:08:39Z	chore(deps): update dependency @changesets/cli to v3	This PR contains the following updates: | Package | Change | [Age](https://docs.renovatebot.com/merge-confidence/) | [Confidence](https://docs.renovatebot.com/merge-confidence/) | |---|---|---|---| | [@changesets/cli](https://changesets.dev) ([source](https://redirect.github.com/changesets/changeset
2304	2026-08-14T23:49:16Z	2026-08-14T23:57:58Z	chore(deps): update changesets/action action to v2	This PR contains the following updates: | Package | Type | Update | Change | Pending | |---|---|---|---|---| | [changesets/action](https://redirect.github.com/changesets/action) | action | major | `v1` → `v2.0.0` | `v2.1.0` | --- ### Release Notes <details> <summary>changesets/action (changesets/act
2303	2026-08-14T23:49:06Z	2026-08-15T00:01:43Z	fix(deps): update dependency astro to v7.2.1	This PR contains the following updates: | Package | Change | [Age](https://docs.renovatebot.com/merge-confidence/) | [Confidence](https://docs.renovatebot.com/merge-confidence/) | |---|---|---|---| | [astro](https://astro.build) ([source](https://redirect.github.com/withastro/astro/tree/HEAD/package
2302	2026-08-13T21:27:58Z	2026-08-13T21:39:54Z	chore(deps): update typescript-eslint monorepo to v8.67.0	This PR contains the following updates: | Package | Change | [Age](https://docs.renovatebot.com/merge-confidence/) | [Confidence](https://docs.renovatebot.com/merge-confidence/) | |---|---|---|---| | [@typescript-eslint/eslint-plugin](https://typescript-eslint.io/packages/eslint-plugin) ([source](ht
2300	2026-08-13T15:26:07Z	2026-08-13T15:38:01Z	fix(deps): update dependency recast to v0.24.0	This PR contains the following updates: | Package | Change | [Age](https://docs.renovatebot.com/merge-confidence/) | [Confidence](https://docs.renovatebot.com/merge-confidence/) | |---|---|---|---| | [recast](https://redirect.github.com/benjamn/recast) | [`0.23.19` → `0.24.0`](https://renovatebot.co
2299	2026-08-12T08:55:07Z	2026-08-12T09:09:45Z	Update dependency eslint-plugin-n to v18.3.0	This PR contains the following updates: | Package | Change | [Age](https://docs.renovatebot.com/merge-confidence/) | [Confidence](https://docs.renovatebot.com/merge-confidence/) | |---|---|---|---| | [eslint-plugin-n](https://redirect.github.com/eslint-community/eslint-plugin-n) | [`18.2.2` → `18.3.
2298	2026-08-11T02:24:34Z	2026-08-11T02:37:18Z	Update dependency eslint to v10.8.1	This PR contains the following updates: | Package | Change | [Age](https://docs.renovatebot.com/merge-confidence/) | [Confidence](https://docs.renovatebot.com/merge-confidence/) | |---|---|---|---| | [eslint](https://eslint.org) ([source](https://redirect.github.com/eslint/eslint)) | [`10.8.0` → `10
2297	2026-08-10T18:08:38Z	2026-08-10T18:17:43Z	Update dependency @typescript-eslint/utils to v8.67.0	This PR contains the following updates: | Package | Change | [Age](https://docs.renovatebot.com/merge-confidence/) | [Confidence](https://docs.renovatebot.com/merge-confidence/) | |---|---|---|---| | [@typescript-eslint/utils](https://typescript-eslint.io/packages/utils) ([source](https://redirect.g
2296	2026-08-09T21:37:14Z	2026-08-09T21:50:12Z	Update typescript-eslint monorepo to v8.66.0	This PR contains the following updates: | Package | Change | [Age](https://docs.renovatebot.com/merge-confidence/) | [Confidence](https://docs.renovatebot.com/merge-confidence/) | |---|---|---|---| | [@typescript-eslint/eslint-plugin](https://typescript-eslint.io/packages/eslint-plugin) ([source](ht
2295	2026-08-09T17:59:29Z	2026-08-09T18:11:45Z	Update dependency astro to v7.2.0	This PR contains the following updates: | Package | Change | [Age](https://docs.renovatebot.com/merge-confidence/) | [Confidence](https://docs.renovatebot.com/merge-confidence/) | |---|---|---|---| | [astro](https://astro.build) ([source](https://redirect.github.com/withastro/astro/tree/HEAD/package
2294	2026-08-07T19:40:35Z	2026-08-20T01:05:42Z	Update dependency posthog-node to v5.47.10	This PR contains the following updates: | Package | Change | [Age](https://docs.renovatebot.com/merge-confidence/) | [Confidence](https://docs.renovatebot.com/merge-confidence/) | |---|---|---|---| | [posthog-node](https://redirect.github.com/PostHog/posthog-js) ([source](https://redirect.github.com
2293	2026-08-06T06:12:26Z		Update dependency tsx to v4.23.5 - abandoned	This PR contains the following updates: | Package | Change | [Age](https://docs.renovatebot.com/merge-confidence/) | [Confidence](https://docs.renovatebot.com/merge-confidence/) | |---|---|---|---| | [tsx](https://tsx.hirok.io) ([source](https://redirect.github.com/privatenumber/tsx)) | [`4.23.4` → 
2291	2026-08-05T15:16:40Z		Update dependency typescript to v7	This PR contains the following updates: | Package | Change | [Age](https://docs.renovatebot.com/merge-confidence/) | [Confidence](https://docs.renovatebot.com/merge-confidence/) | |---|---|---|---| | [typescript](https://www.typescriptlang.org/) ([source](https://redirect.github.com/microsoft/TypeSc
2290	2026-08-05T15:12:18Z	2026-08-05T15:32:50Z	Update dependency tsx to v4.23.4	This PR contains the following updates: | Package | Change | [Age](https://docs.renovatebot.com/merge-confidence/) | [Confidence](https://docs.renovatebot.com/merge-confidence/) | |---|---|---|---| | [tsx](https://tsx.hirok.io) ([source](https://redirect.github.com/privatenumber/tsx)) | [`4.23.1` → 
2289	2026-08-05T05:27:46Z	2026-08-05T15:25:29Z	Update dependency eslint-plugin-jest-dom to v5.10.1	This PR contains the following updates: | Package | Change | [Age](https://docs.renovatebot.com/merge-confidence/) | [Confidence](https://docs.renovatebot.com/merge-confidence/) | |---|---|---|---| | [eslint-plugin-jest-dom](https://redirect.github.com/testing-library/eslint-plugin-jest-dom) | [`5.9
2288	2026-08-04T21:49:17Z	2026-08-04T22:01:57Z	Update dependency prettier to v3.9.6	This PR contains the following updates: | Package | Change | [Age](https://docs.renovatebot.com/merge-confidence/) | [Confidence](https://docs.renovatebot.com/merge-confidence/) | |---|---|---|---| | [prettier](https://prettier.io) ([source](https://redirect.github.com/prettier/prettier)) | [`3.9.0`
2286	2026-08-04T13:02:06Z	2026-08-04T13:14:39Z	Update dependency eslint-plugin-jest-dom to v5.9.0	This PR contains the following updates: | Package | Change | [Age](https://docs.renovatebot.com/merge-confidence/) | [Confidence](https://docs.renovatebot.com/merge-confidence/) | |---|---|---|---| | [eslint-plugin-jest-dom](https://redirect.github.com/testing-library/eslint-plugin-jest-dom) | [`5.7
2285	2026-08-04T12:54:14Z	2026-08-04T21:52:56Z	Update dependency json-schema-faker to v0.6.3	This PR contains the following updates: | Package | Change | [Age](https://docs.renovatebot.com/merge-confidence/) | [Confidence](https://docs.renovatebot.com/merge-confidence/) | |---|---|---|---| | [json-schema-faker](https://json-schema-faker.js.org/) ([source](https://redirect.github.com/json-sc
2284	2026-08-04T12:54:05Z	2026-08-04T13:05:38Z	Update dependency js-yaml to v5.2.3	This PR contains the following updates: | Package | Change | [Age](https://docs.renovatebot.com/merge-confidence/) | [Confidence](https://docs.renovatebot.com/merge-confidence/) | |---|---|---|---| | [js-yaml](https://redirect.github.com/nodeca/js-yaml) | [`5.2.2` → `5.2.3`](https://renovatebot.com/
2281	2026-08-03T19:32:34Z	2026-08-03T19:44:26Z	Update dependency posthog-node to v5.47.3	This PR contains the following updates: | Package | Change | [Age](https://docs.renovatebot.com/merge-confidence/) | [Confidence](https://docs.renovatebot.com/merge-confidence/) | |---|---|---|---| | [posthog-node](https://redirect.github.com/PostHog/posthog-js) ([source](https://redirect.github.com
2280	2026-08-03T18:10:23Z	2026-08-03T18:19:32Z	Update dependency @typescript-eslint/utils to v8.66.0	This PR contains the following updates: | Package | Change | [Age](https://docs.renovatebot.com/merge-confidence/) | [Confidence](https://docs.renovatebot.com/merge-confidence/) | |---|---|---|---| | [@typescript-eslint/utils](https://typescript-eslint.io/packages/utils) ([source](https://redirect.g
2279	2026-08-03T18:10:05Z	2026-08-03T18:22:10Z	Update dependency recast to v0.23.19	This PR contains the following updates: | Package | Change | [Age](https://docs.renovatebot.com/merge-confidence/) | [Confidence](https://docs.renovatebot.com/merge-confidence/) | |---|---|---|---| | [recast](https://redirect.github.com/benjamn/recast) | [`0.23.16` → `0.23.19`](https://renovatebot.c
2277	2026-08-03T00:39:46Z	2026-08-03T01:10:14Z	Document the “Model the Workflow, Not the Backend” pattern	## Summary - add a “Model the Workflow, Not the Backend” usage pattern - recommend deterministic responses before introducing shared state - define context, store, scenario, and REPL responsibilities - clarify that Counterfact models client-visible workflows rather than production internals - align 
2276	2026-08-02T22:04:59Z	2026-08-02T22:17:23Z	Update dependency eslint-plugin-jest-dom to v5.7.0	This PR contains the following updates: | Package | Change | [Age](https://docs.renovatebot.com/merge-confidence/) | [Confidence](https://docs.renovatebot.com/merge-confidence/) | |---|---|---|---| | [eslint-plugin-jest-dom](https://redirect.github.com/testing-library/eslint-plugin-jest-dom) | [`5.6
2275	2026-08-02T21:56:42Z	2026-08-02T22:19:44Z	Update dependency recast to v0.23.16	This PR contains the following updates: | Package | Change | [Age](https://docs.renovatebot.com/merge-confidence/) | [Confidence](https://docs.renovatebot.com/merge-confidence/) | |---|---|---|---| | [recast](https://redirect.github.com/benjamn/recast) | [`0.23.12` → `0.23.16`](https://renovatebot.c
2274	2026-08-02T21:48:11Z	2026-08-02T22:00:14Z	Update dependency posthog-node to v5.47.0	This PR contains the following updates: | Package | Change | [Age](https://docs.renovatebot.com/merge-confidence/) | [Confidence](https://docs.renovatebot.com/merge-confidence/) | |---|---|---|---| | [posthog-node](https://redirect.github.com/PostHog/posthog-js) ([source](https://redirect.github.com
2273	2026-08-02T12:30:50Z	2026-08-02T12:42:28Z	Update dependency linkinator to v8.0.3	This PR contains the following updates: | Package | Change | [Age](https://docs.renovatebot.com/merge-confidence/) | [Confidence](https://docs.renovatebot.com/merge-confidence/) | |---|---|---|---| | [linkinator](https://redirect.github.com/JustinBeckwith/linkinator) | [`8.0.2` → `8.0.3`](https://re
2271	2026-08-02T04:37:53Z	2026-08-02T11:59:05Z	Update dependency @apidevtools/json-schema-ref-parser to v15.5.1	This PR contains the following updates: | Package | Change | [Age](https://docs.renovatebot.com/merge-confidence/) | [Confidence](https://docs.renovatebot.com/merge-confidence/) | |---|---|---|---| | [@apidevtools/json-schema-ref-parser](https://apidevtools.com/json-schema-ref-parser/) ([source](htt
2270	2026-08-01T23:03:35Z	2026-08-02T00:14:22Z	Version Packages	This PR was opened by the [Changesets release](https://github.com/changesets/action) GitHub action. When you're ready to do a release, you can merge this and the packages will be published to npm automatically. If you're not ready to do a release yet, that's fine, whenever you add more changesets to
2268	2026-08-01T20:43:07Z	2026-08-01T23:02:42Z	Fix flaky Windows CI: StoreLoader watches parent directory instead of absent file path	## Summary The Windows CI job was failing because `StoreLoader.watch()` called `chokidar.watch(sourcePath)` where `sourcePath` (`_.store.ts`) doesn't exist yet. On Windows, native `fs.watch` silently fails to detect file *creation* when given a non-existent path — the `"add"` event never fires, caus
2267	2026-08-01T20:22:59Z	2026-08-01T20:56:59Z	Version Packages	This PR was opened by the [Changesets release](https://github.com/changesets/action) GitHub action. When you're ready to do a release, you can merge this and the packages will be published to npm automatically. If you're not ready to do a release yet, that's fine, whenever you add more changesets to
2266	2026-08-01T20:22:52Z	2026-08-01T20:42:00Z	Fix wide route random response typing	## Summary Make wide-route response helpers valid handler return values, including `.json()`, chained helpers, `.random()`, and `.stream()`. ## Root cause `WideResponseBuilder` was not assignable to `COUNTERFACT_RESPONSE`, even though its fluent helpers return runtime response objects that a route h
2265	2026-08-01T20:09:53Z	2026-08-01T20:21:53Z	fix(deps): update dependency astro to v7.1.6	This PR contains the following updates: | Package | Change | [Age](https://docs.renovatebot.com/merge-confidence/) | [Confidence](https://docs.renovatebot.com/merge-confidence/) | |---|---|---|---| | [astro](https://astro.build) ([source](https://redirect.github.com/withastro/astro/tree/HEAD/package
2264	2026-08-01T20:09:45Z	2026-08-01T20:21:54Z	chore(deps): update dependency @swc/core to v1.15.47	This PR contains the following updates: | Package | Change | [Age](https://docs.renovatebot.com/merge-confidence/) | [Confidence](https://docs.renovatebot.com/merge-confidence/) | |---|---|---|---| | [@swc/core](https://swc.rs) ([source](https://redirect.github.com/swc-project/swc/tree/HEAD/packages
2263	2026-08-01T20:03:54Z	2026-08-01T20:09:23Z	Fix syntax error in src/app.ts: missing closing brace for startRepl property	## Summary The `startRepl` arrow function inside the `baseSimulator` object literal was missing its closing `},`, causing a parse error (`',' expected` at line 475) that broke ESLint and TypeScript compilation. **Before:** ```typescript     startRepl: () => {       // ...       return replServer;   
2262	2026-08-01T15:19:30Z	2026-08-01T20:47:22Z	Add first-class shared store across API groups	## Summary - Add an opt-in application-level store at `<basePath>/_.store.ts`. - Expose the live store to typed route contexts, the REPL, and the programmatic API. - Preserve store identity and existing data across hot reloads, stop/start cycles, and failed reloads. - Generate and watch concrete sto
2261	2026-08-01T11:30:52Z	2026-08-01T11:52:02Z	Version Packages	This PR was opened by the [Changesets release](https://github.com/changesets/action) GitHub action. When you're ready to do a release, you can merge this and the packages will be published to npm automatically. If you're not ready to do a release yet, that's fine, whenever you add more changesets to
2260	2026-08-01T03:15:24Z	2026-08-01T11:17:52Z	fix: add Koa Request type augmentation for body and rawBody	## Summary `tsc --noEmit` was failing because `body` and `rawBody` don't exist on Koa's `Request` type. These properties are injected at runtime by `koa-bodyparser`, and `@types/koa-bodyparser` normally augments Koa's `Request` interface to match. However, `tsconfig.json` sets `"types": ["node"]` to
2259	2026-08-01T03:14:52Z	2026-08-01T11:17:19Z	fix: regenerate site/package-lock.json to unblock npm ci	## Summary `npm ci` in the `site/` directory was failing because `package-lock.json` was missing transitive dependency entries (`@emnapi/core@1.11.1`, `@emnapi/runtime@1.11.1`, `@emnapi/wasi-threads@1.2.2`), blocking the "Check site for broken links" CI workflow on every PR touching docs/site files.
2258	2026-08-01T03:13:42Z	2026-08-01T11:30:02Z	Bug reports/openapi multi spec	## Summary <!-- Copilot: write a concise summary of the change --> <details> <summary>Original Prompt</summary> <!-- Copilot: paste the full original prompt or issue description here --> </details> ## Manual acceptance tests <!-- Copilot: replace this section with 3–6 unchecked checkboxes per copilo
2257	2026-08-01T00:57:12Z	2026-08-01T11:40:58Z	chore(deps): update dependency node to v24	This PR contains the following updates: | Package | Type | Update | Change | Pending | |---|---|---|---|---| | [node](https://redirect.github.com/actions/node-versions) | uses-with | major | `22` → `24` | `24.18.1` | --- ### Release Notes <details> <summary>actions/node-versions (node)</summary> ###
2256	2026-08-01T00:57:02Z	2026-08-01T01:08:23Z	chore(deps): update dependency eslint-plugin-jest-dom to v5.6.0	This PR contains the following updates: | Package | Change | [Age](https://docs.renovatebot.com/merge-confidence/) | [Confidence](https://docs.renovatebot.com/merge-confidence/) | |---|---|---|---| | [eslint-plugin-jest-dom](https://redirect.github.com/testing-library/eslint-plugin-jest-dom) | [`5.5
2255	2026-07-31T22:27:50Z	2026-08-01T11:40:42Z	chore(deps): update actions/setup-node action to v7	This PR contains the following updates: | Package | Type | Update | Change | |---|---|---|---| | [actions/setup-node](https://redirect.github.com/actions/setup-node) | action | major | `v4` → `v7` | --- ### Release Notes <details> <summary>actions/setup-node (actions/setup-node)</summary> ### [`v7.0
2254	2026-07-31T22:27:48Z	2026-08-01T21:06:15Z	Update actions/checkout action to v7	This PR contains the following updates: | Package | Type | Update | Change | |---|---|---|---| | [actions/checkout](https://redirect.github.com/actions/checkout) | action | major | `v4` → `v7` | --- ### Release Notes <details> <summary>actions/checkout (actions/checkout)</summary> ### [`v7.0.1`](htt
2253	2026-07-31T19:45:03Z	2026-08-01T11:28:58Z	Sync site lockfile for broken-links workflow	## Summary The broken-links workflow was failing before the site build because `site/package-lock.json` was out of sync with the current dependency graph. This updates the site lockfile so `npm ci` can install cleanly in CI again. - **Lockfile sync**   - Add the missing optional transitive `@emnapi/
2252	2026-07-31T19:02:49Z	2026-07-31T19:09:16Z	[WIP] Fix issues identified in Copilot run	- [x] Inspect the failing GitHub Actions run and identify the precise failure - [x] Trace how the repository runs the failing example test and find the smallest resolution fix - [x] Apply the minimal code/config change needed for the example test to resolve `counterfact` - [x] Run targeted validatio
2251	2026-07-31T18:58:09Z	2026-07-31T19:10:13Z	fix(deps): update dependency astro to v7.1.5	This PR contains the following updates: | Package | Change | [Age](https://docs.renovatebot.com/merge-confidence/) | [Confidence](https://docs.renovatebot.com/merge-confidence/) | |---|---|---|---| | [astro](https://astro.build) ([source](https://redirect.github.com/withastro/astro/tree/HEAD/package
2250	2026-07-31T18:53:26Z	2026-07-31T18:57:33Z	fix: sync site/package-lock.json with missing @emnapi dependencies	## Summary `npm ci` in the `site/` directory was failing because `package-lock.json` was missing transitive dependencies `@emnapi/core@1.11.1` and `@emnapi/runtime@1.11.1`, causing the "Check for broken links" CI job to fail. Ran `npm install` in `site/` to regenerate the lock file with the missing 
2247	2026-07-31T00:36:56Z	2026-07-31T00:49:34Z	chore(deps): update coverallsapp/github-action action to v2.3.8	This PR contains the following updates: | Package | Type | Update | Change | |---|---|---|---| | [coverallsapp/github-action](https://redirect.github.com/coverallsapp/github-action) | action | patch | `v2.3.6` → `v2.3.8` | --- ### Release Notes <details> <summary>coverallsapp/github-action (coverall
2246	2026-07-31T00:28:47Z	2026-07-31T00:40:35Z	fix(deps): update dependency astro to v7.1.4	This PR contains the following updates: | Package | Change | [Age](https://docs.renovatebot.com/merge-confidence/) | [Confidence](https://docs.renovatebot.com/merge-confidence/) | |---|---|---|---| | [astro](https://astro.build) ([source](https://redirect.github.com/withastro/astro/tree/HEAD/package
2245	2026-07-28T02:52:16Z	2026-07-28T03:04:07Z	chore(deps): update dependency eslint to v10.8.0	This PR contains the following updates: | Package | Change | [Age](https://docs.renovatebot.com/merge-confidence/) | [Confidence](https://docs.renovatebot.com/merge-confidence/) | |---|---|---|---| | [eslint](https://eslint.org) ([source](https://redirect.github.com/eslint/eslint)) | [`10.7.0` → `10
2244	2026-07-27T10:58:16Z	2026-07-27T11:11:59Z	chore(deps): update dependency eslint-plugin-jest to v29.16.0	This PR contains the following updates: | Package | Change | [Age](https://docs.renovatebot.com/merge-confidence/) | [Confidence](https://docs.renovatebot.com/merge-confidence/) | |---|---|---|---| | [eslint-plugin-jest](https://redirect.github.com/jest-community/eslint-plugin-jest) | [`29.15.5` → `
2243	2026-07-27T02:00:48Z	2026-08-02T12:02:12Z	chore(deps): update dependency linkinator to v8.0.2	This PR contains the following updates: | Package | Change | [Age](https://docs.renovatebot.com/merge-confidence/) | [Confidence](https://docs.renovatebot.com/merge-confidence/) | |---|---|---|---| | [linkinator](https://redirect.github.com/JustinBeckwith/linkinator) | [`8.0.1` → `8.0.2`](https://re
2242	2026-07-27T01:52:43Z	2026-07-27T02:04:52Z	fix(deps): update dependency fs-extra to v11.4.0	This PR contains the following updates: | Package | Change | [Age](https://docs.renovatebot.com/merge-confidence/) | [Confidence](https://docs.renovatebot.com/merge-confidence/) | |---|---|---|---| | [fs-extra](https://redirect.github.com/jprichardson/node-fs-extra) | [`11.3.6` → `11.4.0`](https://r
2241	2026-07-26T17:38:44Z	2026-08-02T12:02:12Z	fix(deps): update dependency posthog-node to v5.46.1	This PR contains the following updates: | Package | Change | [Age](https://docs.renovatebot.com/merge-confidence/) | [Confidence](https://docs.renovatebot.com/merge-confidence/) | |---|---|---|---| | [posthog-node](https://redirect.github.com/PostHog/posthog-js) ([source](https://redirect.github.com
2240	2026-07-25T12:37:23Z	2026-07-25T12:49:23Z	fix(deps): update dependency js-yaml to v5.2.2 [security]	This PR contains the following updates: | Package | Change | [Age](https://docs.renovatebot.com/merge-confidence/) | [Confidence](https://docs.renovatebot.com/merge-confidence/) | |---|---|---|---| | [js-yaml](https://redirect.github.com/nodeca/js-yaml) | [`5.2.1` → `5.2.2`](https://renovatebot.com/
2239	2026-07-25T12:24:27Z	2026-07-25T12:35:41Z	chore(deps): update dependency linkinator to v8.0.1	This PR contains the following updates: | Package | Change | [Age](https://docs.renovatebot.com/merge-confidence/) | [Confidence](https://docs.renovatebot.com/merge-confidence/) | |---|---|---|---| | [linkinator](https://redirect.github.com/JustinBeckwith/linkinator) | [`8.0.0` → `8.0.1`](https://re
2238	2026-07-24T08:42:49Z	2026-07-24T08:54:18Z	chore(deps): update dependency linkinator to v8	This PR contains the following updates: | Package | Change | [Age](https://docs.renovatebot.com/merge-confidence/) | [Confidence](https://docs.renovatebot.com/merge-confidence/) | |---|---|---|---| | [linkinator](https://redirect.github.com/JustinBeckwith/linkinator) | [`7.6.1` → `8.0.0`](https://re
2237	2026-07-23T21:11:48Z	2026-07-23T21:23:17Z	fix(deps): update dependency posthog-node to v5.46.0	This PR contains the following updates: | Package | Change | [Age](https://docs.renovatebot.com/merge-confidence/) | [Confidence](https://docs.renovatebot.com/merge-confidence/) | |---|---|---|---| | [posthog-node](https://redirect.github.com/PostHog/posthog-js) ([source](https://redirect.github.com
2236	2026-07-23T21:04:35Z	2026-07-23T21:16:43Z	chore(deps): update typescript-eslint monorepo to v8.65.0	This PR contains the following updates: | Package | Change | [Age](https://docs.renovatebot.com/merge-confidence/) | [Confidence](https://docs.renovatebot.com/merge-confidence/) | |---|---|---|---| | [@typescript-eslint/eslint-plugin](https://typescript-eslint.io/packages/eslint-plugin) ([source](ht
2235	2026-07-23T20:56:46Z	2026-07-23T21:09:08Z	fix(deps): update dependency astro to v7.1.3 - autoclosed	This PR contains the following updates: | Package | Change | [Age](https://docs.renovatebot.com/merge-confidence/) | [Confidence](https://docs.renovatebot.com/merge-confidence/) | |---|---|---|---| | [astro](https://astro.build) ([source](https://redirect.github.com/withastro/astro/tree/HEAD/package
2234	2026-07-23T20:56:36Z	2026-07-23T21:08:52Z	chore(deps): update dependency eslint-plugin-jest to v29.15.5	This PR contains the following updates: | Package | Change | [Age](https://docs.renovatebot.com/merge-confidence/) | [Confidence](https://docs.renovatebot.com/merge-confidence/) | |---|---|---|---| | [eslint-plugin-jest](https://redirect.github.com/jest-community/eslint-plugin-jest) | [`29.15.4` → `
2233	2026-07-23T04:58:02Z	2026-07-23T05:06:51Z	chore(deps): update actions/setup-python action to v7	This PR contains the following updates: | Package | Type | Update | Change | |---|---|---|---| | [actions/setup-python](https://redirect.github.com/actions/setup-python) | action | major | `v6` → `v7` | --- ### Release Notes <details> <summary>actions/setup-python (actions/setup-python)</summary> ##
2232	2026-07-22T22:54:28Z	2026-07-22T23:06:06Z	chore(deps): update dependency @swc/core to v1.15.46	This PR contains the following updates: | Package | Change | [Age](https://docs.renovatebot.com/merge-confidence/) | [Confidence](https://docs.renovatebot.com/merge-confidence/) | |---|---|---|---| | [@swc/core](https://swc.rs) ([source](https://redirect.github.com/swc-project/swc/tree/HEAD/packages
2231	2026-07-21T03:50:46Z	2026-07-21T03:58:45Z	chore(deps): update dependency @typescript-eslint/utils to v8.65.0	This PR contains the following updates: | Package | Change | [Age](https://docs.renovatebot.com/merge-confidence/) | [Confidence](https://docs.renovatebot.com/merge-confidence/) | |---|---|---|---| | [@typescript-eslint/utils](https://typescript-eslint.io/packages/utils) ([source](https://redirect.g
2230	2026-07-21T03:50:28Z	2026-07-21T04:00:57Z	fix(deps): update dependency astro to v7.1.1	This PR contains the following updates: | Package | Change | [Age](https://docs.renovatebot.com/merge-confidence/) | [Confidence](https://docs.renovatebot.com/merge-confidence/) | |---|---|---|---| | [astro](https://astro.build) ([source](https://redirect.github.com/withastro/astro/tree/HEAD/package
2229	2026-07-20T04:13:00Z	2026-07-20T04:24:11Z	fix(deps): update dependency posthog-node to v5.45.2	This PR contains the following updates: | Package | Change | [Age](https://docs.renovatebot.com/merge-confidence/) | [Confidence](https://docs.renovatebot.com/merge-confidence/) | |---|---|---|---| | [posthog-node](https://redirect.github.com/PostHog/posthog-js) ([source](https://redirect.github.com
2228	2026-07-20T04:12:52Z	2026-07-20T04:24:11Z	chore(deps): update dependency node-mocks-http to v1.18.1	This PR contains the following updates: | Package | Change | [Age](https://docs.renovatebot.com/merge-confidence/) | [Confidence](https://docs.renovatebot.com/merge-confidence/) | |---|---|---|---| | [node-mocks-http](https://redirect.github.com/eugef/node-mocks-http) | [`1.18.0` → `1.18.1`](https:/
2227	2026-07-19T19:24:26Z	2026-07-19T19:35:12Z	fix(deps): update dependency posthog-node to v5.45.0	This PR contains the following updates: | Package | Change | [Age](https://docs.renovatebot.com/merge-confidence/) | [Confidence](https://docs.renovatebot.com/merge-confidence/) | |---|---|---|---| | [posthog-node](https://redirect.github.com/PostHog/posthog-js) ([source](https://redirect.github.com
2226	2026-07-19T19:15:52Z	2026-07-19T19:27:38Z	fix(deps): update dependency astro to v7.1.0	This PR contains the following updates: | Package | Change | [Age](https://docs.renovatebot.com/merge-confidence/) | [Confidence](https://docs.renovatebot.com/merge-confidence/) | |---|---|---|---| | [astro](https://astro.build) ([source](https://redirect.github.com/withastro/astro/tree/HEAD/package
2225	2026-07-19T02:01:43Z	2026-07-19T02:13:23Z	fix(deps): update dependency posthog-node to v5.44.0	This PR contains the following updates: | Package | Change | [Age](https://docs.renovatebot.com/merge-confidence/) | [Confidence](https://docs.renovatebot.com/merge-confidence/) | |---|---|---|---| | [posthog-node](https://redirect.github.com/PostHog/posthog-js) ([source](https://redirect.github.com
2224	2026-07-18T17:46:05Z	2026-07-18T17:58:30Z	fix(deps): update dependency precinct to v13.0.1	This PR contains the following updates: | Package | Change | [Age](https://docs.renovatebot.com/merge-confidence/) | [Confidence](https://docs.renovatebot.com/merge-confidence/) | |---|---|---|---| | [precinct](https://redirect.github.com/dependents/node-precinct) | [`13.0.0` → `13.0.1`](https://ren
2223	2026-07-18T17:37:24Z	2026-07-18T17:49:51Z	chore(deps): update dependency @changesets/cli to v2.31.1	This PR contains the following updates: | Package | Change | [Age](https://docs.renovatebot.com/merge-confidence/) | [Confidence](https://docs.renovatebot.com/merge-confidence/) | |---|---|---|---| | [@changesets/cli](https://redirect.github.com/changesets/changesets/tree/main#readme) ([source](http
2222	2026-07-17T18:03:55Z	2026-07-17T18:15:10Z	fix(deps): update dependency posthog-node to v5.42.0	This PR contains the following updates: | Package | Change | [Age](https://docs.renovatebot.com/merge-confidence/) | [Confidence](https://docs.renovatebot.com/merge-confidence/) | |---|---|---|---| | [posthog-node](https://redirect.github.com/PostHog/posthog-js) ([source](https://redirect.github.com
2221	2026-07-17T10:02:11Z	2026-07-17T10:09:38Z	chore(deps): update actions/setup-node action to v7	This PR contains the following updates: | Package | Type | Update | Change | |---|---|---|---| | [actions/setup-node](https://redirect.github.com/actions/setup-node) | action | major | `v6` → `v7` | --- ### Release Notes <details> <summary>actions/setup-node (actions/setup-node)</summary> ### [`v7.0
2220	2026-07-17T10:02:01Z	2026-07-17T10:14:01Z	fix(deps): update dependency astro to v7.0.9	This PR contains the following updates: | Package | Change | [Age](https://docs.renovatebot.com/merge-confidence/) | [Confidence](https://docs.renovatebot.com/merge-confidence/) | |---|---|---|---| | [astro](https://astro.build) ([source](https://redirect.github.com/withastro/astro/tree/HEAD/package
2219	2026-07-17T09:53:12Z	2026-07-17T10:06:38Z	chore(deps): update typescript-eslint monorepo to v8.64.0	This PR contains the following updates: | Package | Change | [Age](https://docs.renovatebot.com/merge-confidence/) | [Confidence](https://docs.renovatebot.com/merge-confidence/) | |---|---|---|---| | [@typescript-eslint/eslint-plugin](https://typescript-eslint.io/packages/eslint-plugin) ([source](ht
2218	2026-07-16T10:35:29Z	2026-07-16T10:46:40Z	fix(deps): update dependency tsx to v4.23.1	This PR contains the following updates: | Package | Change | [Age](https://docs.renovatebot.com/merge-confidence/) | [Confidence](https://docs.renovatebot.com/merge-confidence/) | |---|---|---|---| | [tsx](https://tsx.hirok.io) ([source](https://redirect.github.com/privatenumber/tsx)) | [`4.23.0` → 
2217	2026-07-14T10:59:22Z	2026-07-14T11:10:41Z	fix(deps): update dependency posthog-node to v5.41.0	This PR contains the following updates: | Package | Change | [Age](https://docs.renovatebot.com/merge-confidence/) | [Confidence](https://docs.renovatebot.com/merge-confidence/) | |---|---|---|---| | [posthog-node](https://redirect.github.com/PostHog/posthog-js) ([source](https://redirect.github.com
2216	2026-07-14T01:53:50Z	2026-07-14T02:05:51Z	chore(deps): update dependency eslint-plugin-n to v18.2.2	This PR contains the following updates: | Package | Change | [Age](https://docs.renovatebot.com/merge-confidence/) | [Confidence](https://docs.renovatebot.com/merge-confidence/) | |---|---|---|---| | [eslint-plugin-n](https://redirect.github.com/eslint-community/eslint-plugin-n) | [`18.2.1` → `18.2.
2215	2026-07-14T01:46:11Z	2026-07-14T01:58:03Z	chore(deps): update dependency eslint to v10.7.0	This PR contains the following updates: | Package | Change | [Age](https://docs.renovatebot.com/merge-confidence/) | [Confidence](https://docs.renovatebot.com/merge-confidence/) | |---|---|---|---| | [eslint](https://eslint.org) ([source](https://redirect.github.com/eslint/eslint)) | [`10.6.0` → `10
2214	2026-07-13T21:56:42Z	2026-07-13T22:06:25Z	chore(deps): update dependency @typescript-eslint/utils to v8.64.0	This PR contains the following updates: | Package | Change | [Age](https://docs.renovatebot.com/merge-confidence/) | [Confidence](https://docs.renovatebot.com/merge-confidence/) | |---|---|---|---| | [@typescript-eslint/utils](https://typescript-eslint.io/packages/utils) ([source](https://redirect.g
2213	2026-07-12T08:54:21Z	2026-07-12T09:05:24Z	fix(deps): update dependency @apidevtools/json-schema-ref-parser to v15.5.0	This PR contains the following updates: | Package | Change | [Age](https://docs.renovatebot.com/merge-confidence/) | [Confidence](https://docs.renovatebot.com/merge-confidence/) | |---|---|---|---| | [@apidevtools/json-schema-ref-parser](https://apidevtools.com/json-schema-ref-parser/) ([source](htt
2212	2026-07-11T21:43:52Z		fix(deps): update dependency typescript to v7	This PR contains the following updates: | Package | Change | [Age](https://docs.renovatebot.com/merge-confidence/) | [Confidence](https://docs.renovatebot.com/merge-confidence/) | |---|---|---|---| | [typescript](https://www.typescriptlang.org/) ([source](https://redirect.github.com/microsoft/TypeSc
2211	2026-07-11T21:43:43Z	2026-07-11T21:55:52Z	fix(deps): update dependency astro to v7.0.7	This PR contains the following updates: | Package | Change | [Age](https://docs.renovatebot.com/merge-confidence/) | [Confidence](https://docs.renovatebot.com/merge-confidence/) | |---|---|---|---| | [astro](https://astro.build) ([source](https://redirect.github.com/withastro/astro/tree/HEAD/package
2210	2026-07-11T03:40:35Z	2026-07-11T03:52:06Z	fix(deps): update dependency posthog-node to v5.40.0	This PR contains the following updates: | Package | Change | [Age](https://docs.renovatebot.com/merge-confidence/) | [Confidence](https://docs.renovatebot.com/merge-confidence/) | |---|---|---|---| | [posthog-node](https://redirect.github.com/PostHog/posthog-js) ([source](https://redirect.github.com
2209	2026-07-11T03:40:26Z	2026-07-11T03:52:22Z	chore(deps): update dependency node-mocks-http to v1.18.0	This PR contains the following updates: | Package | Change | [Age](https://docs.renovatebot.com/merge-confidence/) | [Confidence](https://docs.renovatebot.com/merge-confidence/) | |---|---|---|---| | [node-mocks-http](https://redirect.github.com/eugef/node-mocks-http) | [`1.17.2` → `1.18.0`](https:/
2208	2026-07-10T03:06:24Z	2026-07-10T03:17:17Z	chore(deps): update typescript-eslint monorepo to v8.63.0	This PR contains the following updates: | Package | Change | [Age](https://docs.renovatebot.com/merge-confidence/) | [Confidence](https://docs.renovatebot.com/merge-confidence/) | |---|---|---|---| | [@typescript-eslint/eslint-plugin](https://typescript-eslint.io/packages/eslint-plugin) ([source](ht
2207	2026-07-06T21:03:14Z	2026-07-06T21:15:11Z	fix(deps): update dependency tsx to v4.23.0	This PR contains the following updates: | Package | Change | [Age](https://docs.renovatebot.com/merge-confidence/) | [Confidence](https://docs.renovatebot.com/merge-confidence/) | |---|---|---|---| | [tsx](https://tsx.hirok.io) ([source](https://redirect.github.com/privatenumber/tsx)) | [`4.22.5` → 
2206	2026-07-06T21:03:11Z	2026-07-06T21:11:52Z	chore(deps): update dependency @typescript-eslint/utils to v8.63.0	This PR contains the following updates: | Package | Change | [Age](https://docs.renovatebot.com/merge-confidence/) | [Confidence](https://docs.renovatebot.com/merge-confidence/) | |---|---|---|---| | [@typescript-eslint/utils](https://typescript-eslint.io/packages/utils) ([source](https://redirect.g
2205	2026-07-06T02:14:09Z	2026-07-06T02:25:19Z	fix(deps): update dependency astro to v7.0.6	This PR contains the following updates: | Package | Change | [Age](https://docs.renovatebot.com/merge-confidence/) | [Confidence](https://docs.renovatebot.com/merge-confidence/) | |---|---|---|---| | [astro](https://astro.build) ([source](https://redirect.github.com/withastro/astro/tree/HEAD/package
2204	2026-07-05T22:30:31Z	2026-07-05T22:41:51Z	fix(deps): update dependency tsx to v4.22.5	This PR contains the following updates: | Package | Change | [Age](https://docs.renovatebot.com/merge-confidence/) | [Confidence](https://docs.renovatebot.com/merge-confidence/) | |---|---|---|---| | [tsx](https://tsx.hirok.io) ([source](https://redirect.github.com/privatenumber/tsx)) | [`4.22.4` → 
2203	2026-07-05T22:30:23Z	2026-07-05T22:42:48Z	fix(deps): update dependency posthog-node to v5.39.4	This PR contains the following updates: | Package | Change | [Age](https://docs.renovatebot.com/merge-confidence/) | [Confidence](https://docs.renovatebot.com/merge-confidence/) | |---|---|---|---| | [posthog-node](https://redirect.github.com/PostHog/posthog-js) ([source](https://redirect.github.com
2202	2026-07-05T08:28:36Z	2026-07-05T08:40:28Z	fix(deps): update dependency js-yaml to v5.2.1	This PR contains the following updates: | Package | Change | [Age](https://docs.renovatebot.com/merge-confidence/) | [Confidence](https://docs.renovatebot.com/merge-confidence/) | |---|---|---|---| | [js-yaml](https://redirect.github.com/nodeca/js-yaml) | [`5.2.0` → `5.2.1`](https://renovatebot.com/
2201	2026-07-04T22:26:21Z	2026-07-04T22:38:08Z	fix(deps): update dependency astro to v7.0.5	This PR contains the following updates: | Package | Change | [Age](https://docs.renovatebot.com/merge-confidence/) | [Confidence](https://docs.renovatebot.com/merge-confidence/) | |---|---|---|---| | [astro](https://astro.build) ([source](https://redirect.github.com/withastro/astro/tree/HEAD/package
2200	2026-07-04T18:08:21Z	2026-07-04T18:19:53Z	fix(deps): update dependency posthog-node to v5.39.2	This PR contains the following updates: | Package | Change | [Age](https://docs.renovatebot.com/merge-confidence/) | [Confidence](https://docs.renovatebot.com/merge-confidence/) | |---|---|---|---| | [posthog-node](https://redirect.github.com/PostHog/posthog-js) ([source](https://redirect.github.com
2199	2026-07-03T21:49:38Z	2026-07-03T22:01:27Z	fix(deps): update dependency posthog-node to v5.39.1	This PR contains the following updates: | Package | Change | [Age](https://docs.renovatebot.com/merge-confidence/) | [Confidence](https://docs.renovatebot.com/merge-confidence/) | |---|---|---|---| | [posthog-node](https://redirect.github.com/PostHog/posthog-js) ([source](https://redirect.github.com
2198	2026-07-03T12:36:26Z	2026-07-03T12:47:31Z	fix(deps): update dependency astro to v7.0.4	This PR contains the following updates: | Package | Change | [Age](https://docs.renovatebot.com/merge-confidence/) | [Confidence](https://docs.renovatebot.com/merge-confidence/) | |---|---|---|---| | [astro](https://astro.build) ([source](https://redirect.github.com/withastro/astro/tree/HEAD/package
2197	2026-07-03T12:29:13Z	2026-07-03T12:40:13Z	fix(deps): update dependency posthog-node to v5.39.0	This PR contains the following updates: | Package | Change | [Age](https://docs.renovatebot.com/merge-confidence/) | [Confidence](https://docs.renovatebot.com/merge-confidence/) | |---|---|---|---| | [posthog-node](https://redirect.github.com/PostHog/posthog-js) ([source](https://redirect.github.com
2196	2026-07-03T02:59:04Z	2026-07-03T03:09:46Z	chore(deps): update dependency eslint-plugin-jest to v29.15.4	This PR contains the following updates: | Package | Change | [Age](https://docs.renovatebot.com/merge-confidence/) | [Confidence](https://docs.renovatebot.com/merge-confidence/) | |---|---|---|---| | [eslint-plugin-jest](https://redirect.github.com/jest-community/eslint-plugin-jest) | [`29.15.3` → `
2195	2026-07-03T02:51:19Z	2026-07-03T03:03:19Z	fix(deps): update dependency fs-extra to v11.3.6	This PR contains the following updates: | Package | Change | [Age](https://docs.renovatebot.com/merge-confidence/) | [Confidence](https://docs.renovatebot.com/merge-confidence/) | |---|---|---|---| | [fs-extra](https://redirect.github.com/jprichardson/node-fs-extra) | [`11.3.5` → `11.3.6`](https://r
2194	2026-07-02T23:47:45Z	2026-07-02T23:58:52Z	chore(deps): update typescript-eslint monorepo to v8.62.1	This PR contains the following updates: | Package | Change | [Age](https://docs.renovatebot.com/merge-confidence/) | [Confidence](https://docs.renovatebot.com/merge-confidence/) | |---|---|---|---| | [@typescript-eslint/eslint-plugin](https://typescript-eslint.io/packages/eslint-plugin) ([source](ht
2193	2026-07-02T23:39:39Z	2026-07-02T23:51:25Z	fix(deps): update dependency posthog-node to v5.38.8	This PR contains the following updates: | Package | Change | [Age](https://docs.renovatebot.com/merge-confidence/) | [Confidence](https://docs.renovatebot.com/merge-confidence/) | |---|---|---|---| | [posthog-node](https://redirect.github.com/PostHog/posthog-js) ([source](https://redirect.github.com
2192	2026-06-30T14:55:09Z	2026-08-04T17:21:51Z	fix(deps): update dependency prettier to v3.9.0	This PR contains the following updates: | Package | Change | [Age](https://docs.renovatebot.com/merge-confidence/) | [Confidence](https://docs.renovatebot.com/merge-confidence/) | |---|---|---|---| | [prettier](https://prettier.io) ([source](https://redirect.github.com/prettier/prettier)) | [`3.8.5`
2191	2026-06-30T07:46:52Z	2026-06-30T07:57:07Z	fix(deps): update dependency js-yaml to v5.2.0	This PR contains the following updates: | Package | Change | [Age](https://docs.renovatebot.com/merge-confidence/) | [Confidence](https://docs.renovatebot.com/merge-confidence/) | |---|---|---|---| | [js-yaml](https://redirect.github.com/nodeca/js-yaml) | [`5.1.0` → `5.2.0`](https://renovatebot.com/
2190	2026-06-30T03:10:48Z	2026-06-30T03:22:03Z	chore(deps): update dependency eslint to v10.6.0	This PR contains the following updates: | Package | Change | [Age](https://docs.renovatebot.com/merge-confidence/) | [Confidence](https://docs.renovatebot.com/merge-confidence/) | |---|---|---|---| | [eslint](https://eslint.org) ([source](https://redirect.github.com/eslint/eslint)) | [`10.5.0` → `10
2189	2026-06-30T03:10:39Z	2026-06-30T03:22:03Z	fix(deps): update dependency recast to v0.23.12	This PR contains the following updates: | Package | Change | [Age](https://docs.renovatebot.com/merge-confidence/) | [Confidence](https://docs.renovatebot.com/merge-confidence/) | |---|---|---|---| | [recast](https://redirect.github.com/benjamn/recast) | [`0.23.11` → `0.23.12`](https://renovatebot.c
2188	2026-06-29T23:48:18Z	2026-06-30T00:00:00Z	fix(deps): update dependency posthog-node to v5.38.6	This PR contains the following updates: | Package | Change | [Age](https://docs.renovatebot.com/merge-confidence/) | [Confidence](https://docs.renovatebot.com/merge-confidence/) | |---|---|---|---| | [posthog-node](https://redirect.github.com/PostHog/posthog-js) ([source](https://redirect.github.com
2187	2026-06-29T23:40:54Z	2026-06-29T23:51:21Z	fix(deps): update dependency prettier to v3.8.5	This PR contains the following updates: | Package | Change | [Age](https://docs.renovatebot.com/merge-confidence/) | [Confidence](https://docs.renovatebot.com/merge-confidence/) | |---|---|---|---| | [prettier](https://prettier.io) ([source](https://redirect.github.com/prettier/prettier)) | [`3.8.4`
2186	2026-06-29T19:40:55Z	2026-06-29T19:54:11Z	chore(deps): update dependency eslint-plugin-jest to v29.15.3	This PR contains the following updates: | Package | Change | [Age](https://docs.renovatebot.com/merge-confidence/) | [Confidence](https://docs.renovatebot.com/merge-confidence/) | |---|---|---|---| | [eslint-plugin-jest](https://redirect.github.com/jest-community/eslint-plugin-jest) | [`29.15.2` → `
2185	2026-06-29T19:40:52Z	2026-06-29T19:50:12Z	chore(deps): update dependency @typescript-eslint/utils to v8.62.1	This PR contains the following updates: | Package | Change | [Age](https://docs.renovatebot.com/merge-confidence/) | [Confidence](https://docs.renovatebot.com/merge-confidence/) | |---|---|---|---| | [@typescript-eslint/utils](https://typescript-eslint.io/packages/utils) ([source](https://redirect.g
2184	2026-06-29T06:39:11Z	2026-06-29T06:50:33Z	chore(deps): update dependency eslint-plugin-regexp to v3.1.1	This PR contains the following updates: | Package | Change | [Age](https://docs.renovatebot.com/merge-confidence/) | [Confidence](https://docs.renovatebot.com/merge-confidence/) | |---|---|---|---| | [eslint-plugin-regexp](https://redirect.github.com/ota-meshi/eslint-plugin-regexp) | [`3.1.0` → `3.1
2183	2026-06-29T06:39:02Z	2026-06-29T06:51:55Z	chore(deps): update dependency eslint-plugin-n to v18.2.1	This PR contains the following updates: | Package | Change | [Age](https://docs.renovatebot.com/merge-confidence/) | [Confidence](https://docs.renovatebot.com/merge-confidence/) | |---|---|---|---| | [eslint-plugin-n](https://redirect.github.com/eslint-community/eslint-plugin-n) | [`18.2.0` → `18.2.
2182	2026-06-28T19:15:01Z	2026-06-28T19:26:27Z	fix(deps): update dependency astro to v7.0.3	This PR contains the following updates: | Package | Change | [Age](https://docs.renovatebot.com/merge-confidence/) | [Confidence](https://docs.renovatebot.com/merge-confidence/) | |---|---|---|---| | [astro](https://astro.build) ([source](https://redirect.github.com/withastro/astro/tree/HEAD/package
2181	2026-06-28T19:07:25Z	2026-06-28T19:18:28Z	chore(deps): update dependency eslint-plugin-n to v18.2.0	This PR contains the following updates: | Package | Change | [Age](https://docs.renovatebot.com/merge-confidence/) | [Confidence](https://docs.renovatebot.com/merge-confidence/) | |---|---|---|---| | [eslint-plugin-n](https://redirect.github.com/eslint-community/eslint-plugin-n) | [`18.1.0` → `18.2.
2180	2026-06-28T01:54:12Z	2026-06-28T02:06:39Z	fix(deps): update dependency posthog-node to v5.38.5	This PR contains the following updates: | Package | Change | [Age](https://docs.renovatebot.com/merge-confidence/) | [Confidence](https://docs.renovatebot.com/merge-confidence/) | |---|---|---|---| | [posthog-node](https://redirect.github.com/PostHog/posthog-js) ([source](https://redirect.github.com
2179	2026-06-27T01:28:27Z	2026-06-27T01:40:35Z	fix(deps): update dependency posthog-node to v5.38.4	This PR contains the following updates: | Package | Change | [Age](https://docs.renovatebot.com/merge-confidence/) | [Confidence](https://docs.renovatebot.com/merge-confidence/) | |---|---|---|---| | [posthog-node](https://redirect.github.com/PostHog/posthog-js) ([source](https://redirect.github.com
2177	2026-06-26T19:50:34Z	2026-06-26T20:02:29Z	fix(deps): update dependency astro to v7	This PR contains the following updates: | Package | Change | [Age](https://docs.renovatebot.com/merge-confidence/) | [Confidence](https://docs.renovatebot.com/merge-confidence/) | |---|---|---|---| | [astro](https://astro.build) ([source](https://redirect.github.com/withastro/astro/tree/HEAD/package
2176	2026-06-26T19:46:17Z	2026-06-26T19:54:10Z	chore(deps): update actions/cache action to v6	This PR contains the following updates: | Package | Type | Update | Change | Pending | |---|---|---|---|---| | [actions/cache](https://redirect.github.com/actions/cache) | action | major | `v5` → `v6` | `v6.1.0` | --- ### Release Notes <details> <summary>actions/cache (actions/cache)</summary> ### [
2175	2026-06-26T14:48:37Z	2026-06-26T15:01:06Z	fix(deps): update dependency posthog-node to v5.38.3	This PR contains the following updates: | Package | Change | [Age](https://docs.renovatebot.com/merge-confidence/) | [Confidence](https://docs.renovatebot.com/merge-confidence/) | |---|---|---|---| | [posthog-node](https://redirect.github.com/PostHog/posthog-js) ([source](https://redirect.github.com
2174	2026-06-26T14:40:32Z	2026-06-26T14:52:03Z	fix(deps): update dependency js-yaml to v5.1.0	This PR contains the following updates: | Package | Change | [Age](https://docs.renovatebot.com/merge-confidence/) | [Confidence](https://docs.renovatebot.com/merge-confidence/) | |---|---|---|---| | [js-yaml](https://redirect.github.com/nodeca/js-yaml) | [`5.0.0` → `5.1.0`](https://renovatebot.com/
2173	2026-06-26T04:28:53Z	2026-06-26T04:39:40Z	chore(deps): update typescript-eslint monorepo to v8.62.0	This PR contains the following updates: | Package | Change | [Age](https://docs.renovatebot.com/merge-confidence/) | [Confidence](https://docs.renovatebot.com/merge-confidence/) | |---|---|---|---| | [@typescript-eslint/eslint-plugin](https://typescript-eslint.io/packages/eslint-plugin) ([source](ht
2172	2026-06-26T04:28:44Z	2026-06-26T04:39:40Z	chore(deps): update dependency @swc/core to v1.15.43	This PR contains the following updates: | Package | Change | [Age](https://docs.renovatebot.com/merge-confidence/) | [Confidence](https://docs.renovatebot.com/merge-confidence/) | |---|---|---|---| | [@swc/core](https://swc.rs) ([source](https://redirect.github.com/swc-project/swc/tree/HEAD/packages
2171	2026-06-22T21:45:05Z	2026-06-22T21:57:01Z	fix(deps): update dependency @apidevtools/json-schema-ref-parser to v15.4.0	This PR contains the following updates: | Package | Change | [Age](https://docs.renovatebot.com/merge-confidence/) | [Confidence](https://docs.renovatebot.com/merge-confidence/) | |---|---|---|---| | [@apidevtools/json-schema-ref-parser](https://apidevtools.com/json-schema-ref-parser/) ([source](htt
2170	2026-06-22T21:44:56Z	2026-06-22T21:57:01Z	fix(deps): update dependency posthog-node to v5.38.2	This PR contains the following updates: | Package | Change | [Age](https://docs.renovatebot.com/merge-confidence/) | [Confidence](https://docs.renovatebot.com/merge-confidence/) | |---|---|---|---| | [posthog-node](https://redirect.github.com/PostHog/posthog-js) ([source](https://redirect.github.com
2169	2026-06-22T20:08:43Z	2026-06-22T20:19:13Z	chore(deps): update typescript-eslint monorepo	This PR contains the following updates: | Package | Change | [Age](https://docs.renovatebot.com/merge-confidence/) | [Confidence](https://docs.renovatebot.com/merge-confidence/) | |---|---|---|---| | [@typescript-eslint/utils](https://typescript-eslint.io/packages/utils) ([source](https://redirect.g
2168	2026-06-22T11:39:35Z	2026-06-22T14:23:50Z	feat: auto-request Copilot fix when CI fails on Renovate PRs	## Summary Adds a workflow that detects CI failures on Renovate dependency-update PRs and automatically pings `@copilot` to investigate and propose a fix. <details> <summary>Original Prompt</summary> When CI fails after Renovate updates a dependency, can the CI script automatically ask Copilot to fi
2167	2026-06-22T11:20:07Z	2026-06-22T11:33:25Z	fix(deps): update dependency posthog-node to v5.38.1	This PR contains the following updates: | Package | Change | [Age](https://docs.renovatebot.com/merge-confidence/) | [Confidence](https://docs.renovatebot.com/merge-confidence/) | |---|---|---|---| | [posthog-node](https://redirect.github.com/PostHog/posthog-js) ([source](https://redirect.github.com
2166	2026-06-22T11:19:58Z	2026-06-22T11:30:50Z	chore(deps): update typescript-eslint monorepo to v8.61.1	This PR contains the following updates: | Package | Change | [Age](https://docs.renovatebot.com/merge-confidence/) | [Confidence](https://docs.renovatebot.com/merge-confidence/) | |---|---|---|---| | [@typescript-eslint/eslint-plugin](https://typescript-eslint.io/packages/eslint-plugin) ([source](ht
2165	2026-06-21T01:46:21Z	2026-06-21T01:54:45Z	chore(deps): update actions/checkout action to v7	This PR contains the following updates: | Package | Type | Update | Change | Pending | |---|---|---|---|---| | [actions/checkout](https://redirect.github.com/actions/checkout) | action | major | `v6` → `v7` | `v7.0.0` | --- ### Release Notes <details> <summary>actions/checkout (actions/checkout)</su
2164	2026-06-20T17:38:20Z	2026-06-22T14:26:09Z	chore(deps): update dependency js-yaml to v5	## Summary Upgrades `js-yaml` from `4.2.0` to `5.0.0` and fixes compatibility issues introduced by the v5 breaking changes. **Breaking changes addressed:** - **No `default` ESM export in js-yaml 5.x** — The `resolutions` override (`"js-yaml": "5.0.0"`) was forcing `@apidevtools/json-schema-ref-parse
2163	2026-06-20T17:37:55Z	2026-06-20T17:48:58Z	fix(deps): update astro monorepo to v6.4.8	This PR contains the following updates: | Package | Change | [Age](https://docs.renovatebot.com/merge-confidence/) | [Confidence](https://docs.renovatebot.com/merge-confidence/) | |---|---|---|---| | [astro](https://astro.build) ([source](https://redirect.github.com/withastro/astro/tree/HEAD/package
2162	2026-06-19T01:08:39Z	2026-06-19T01:19:58Z	fix(deps): update astro monorepo to v6.4.7	This PR contains the following updates: | Package | Change | [Age](https://docs.renovatebot.com/merge-confidence/) | [Confidence](https://docs.renovatebot.com/merge-confidence/) | |---|---|---|---| | [astro](https://astro.build) ([source](https://redirect.github.com/withastro/astro/tree/HEAD/package
2160	2026-06-16T03:37:13Z	2026-06-16T03:49:40Z	chore(deps): update eslint monorepo to v10.5.0	This PR contains the following updates: | Package | Change | [Age](https://docs.renovatebot.com/merge-confidence/) | [Confidence](https://docs.renovatebot.com/merge-confidence/) | |---|---|---|---| | [eslint](https://eslint.org) ([source](https://redirect.github.com/eslint/eslint)) | [`10.4.1` → `10
2159	2026-06-15T11:53:27Z	2026-06-15T12:05:27Z	chore(deps): update dependency eslint-plugin-security to v4.0.1	This PR contains the following updates: | Package | Change | [Age](https://docs.renovatebot.com/merge-confidence/) | [Confidence](https://docs.renovatebot.com/merge-confidence/) | |---|---|---|---| | [eslint-plugin-security](https://redirect.github.com/eslint-community/eslint-plugin-security) | [`4.
2158	2026-06-15T02:43:29Z	2026-06-15T02:55:27Z	fix(deps): update dependency @apidevtools/json-schema-ref-parser to v15.3.6	This PR contains the following updates: | Package | Change | [Age](https://docs.renovatebot.com/merge-confidence/) | [Confidence](https://docs.renovatebot.com/merge-confidence/) | |---|---|---|---| | [@apidevtools/json-schema-ref-parser](https://apidevtools.com/json-schema-ref-parser/) ([source](htt
2157	2026-06-13T22:44:24Z	2026-06-13T22:55:51Z	fix(deps): update astro monorepo to v6.4.6	This PR contains the following updates: | Package | Change | [Age](https://docs.renovatebot.com/merge-confidence/) | [Confidence](https://docs.renovatebot.com/merge-confidence/) | |---|---|---|---| | [astro](https://astro.build) ([source](https://redirect.github.com/withastro/astro/tree/HEAD/package
2156	2026-06-13T01:30:46Z	2026-06-13T01:41:34Z	fix(deps): update dependency prettier to v3.8.4	This PR contains the following updates: | Package | Change | [Age](https://docs.renovatebot.com/merge-confidence/) | [Confidence](https://docs.renovatebot.com/merge-confidence/) | |---|---|---|---| | [prettier](https://prettier.io) ([source](https://redirect.github.com/prettier/prettier)) | [`3.8.3`
2155	2026-06-12T22:38:18Z	2026-06-12T22:50:26Z	fix(deps): update astro monorepo to v6.4.5	This PR contains the following updates: | Package | Change | [Age](https://docs.renovatebot.com/merge-confidence/) | [Confidence](https://docs.renovatebot.com/merge-confidence/) | |---|---|---|---| | [astro](https://astro.build) ([source](https://redirect.github.com/withastro/astro/tree/HEAD/package
2154	2026-06-12T22:38:09Z	2026-06-12T22:49:28Z	chore(deps): update swc monorepo to v1.15.41	This PR contains the following updates: | Package | Change | [Age](https://docs.renovatebot.com/merge-confidence/) | [Confidence](https://docs.renovatebot.com/merge-confidence/) | |---|---|---|---| | [@swc/core](https://swc.rs) ([source](https://redirect.github.com/swc-project/swc/tree/HEAD/packages
2153	2026-06-12T02:15:43Z	2026-06-22T11:13:42Z	chore(deps): update typescript-eslint monorepo to v8.61.0	This PR contains the following updates: | Package | Change | [Age](https://docs.renovatebot.com/merge-confidence/) | [Confidence](https://docs.renovatebot.com/merge-confidence/) | |---|---|---|---| | [@typescript-eslint/eslint-plugin](https://typescript-eslint.io/packages/eslint-plugin) ([source](ht
2152	2026-06-12T01:56:37Z	2026-06-12T02:07:25Z	chore(deps): update dependency eslint-plugin-n to v18.1.0	This PR contains the following updates: | Package | Change | [Age](https://docs.renovatebot.com/merge-confidence/) | [Confidence](https://docs.renovatebot.com/merge-confidence/) | |---|---|---|---| | [eslint-plugin-n](https://redirect.github.com/eslint-community/eslint-plugin-n) | [`18.0.1` → `18.1.
2151	2026-06-09T00:04:26Z	2026-06-09T00:13:59Z	chore(deps): update typescript-eslint monorepo to v8.61.0	This PR contains the following updates: | Package | Change | [Age](https://docs.renovatebot.com/merge-confidence/) | [Confidence](https://docs.renovatebot.com/merge-confidence/) | |---|---|---|---| | [@typescript-eslint/utils](https://typescript-eslint.io/packages/utils) ([source](https://redirect.g
2150	2026-06-08T02:36:19Z	2026-06-22T11:12:22Z	fix(deps): update dependency posthog-node to v5.36.2	This PR contains the following updates: | Package | Change | [Age](https://docs.renovatebot.com/merge-confidence/) | [Confidence](https://docs.renovatebot.com/merge-confidence/) | |---|---|---|---| | [posthog-node](https://redirect.github.com/PostHog/posthog-js) ([source](https://redirect.github.com
2149	2026-06-08T02:27:38Z	2026-06-08T02:39:25Z	fix(deps): update dependency js-yaml to v4.2.0	This PR contains the following updates: | Package | Change | [Age](https://docs.renovatebot.com/merge-confidence/) | [Confidence](https://docs.renovatebot.com/merge-confidence/) | |---|---|---|---| | [js-yaml](https://redirect.github.com/nodeca/js-yaml) | [`4.1.1` → `4.2.0`](https://renovatebot.com/
2148	2026-06-07T01:00:57Z	2026-06-07T01:12:23Z	fix(deps): update astro monorepo to v6.4.4	This PR contains the following updates: | Package | Change | [Age](https://docs.renovatebot.com/merge-confidence/) | [Confidence](https://docs.renovatebot.com/merge-confidence/) | |---|---|---|---| | [astro](https://astro.build) ([source](https://redirect.github.com/withastro/astro/tree/HEAD/package
2147	2026-06-06T16:32:21Z	2026-06-07T20:42:59Z	fix(deps): update dependency posthog-node to v5.35.13	This PR contains the following updates: | Package | Change | [Age](https://docs.renovatebot.com/merge-confidence/) | [Confidence](https://docs.renovatebot.com/merge-confidence/) | |---|---|---|---| | [posthog-node](https://redirect.github.com/PostHog/posthog-js) ([source](https://redirect.github.com
2146	2026-06-05T23:02:22Z	2026-06-05T23:13:12Z	fix(deps): update dependency posthog-node to v5.35.12	This PR contains the following updates: | Package | Change | [Age](https://docs.renovatebot.com/merge-confidence/) | [Confidence](https://docs.renovatebot.com/merge-confidence/) | |---|---|---|---| | [posthog-node](https://redirect.github.com/PostHog/posthog-js) ([source](https://redirect.github.com
2145	2026-06-05T22:54:56Z	2026-06-05T23:05:32Z	fix(deps): update astro monorepo to v6.4.3	This PR contains the following updates: | Package | Change | [Age](https://docs.renovatebot.com/merge-confidence/) | [Confidence](https://docs.renovatebot.com/merge-confidence/) | |---|---|---|---| | [astro](https://astro.build) ([source](https://redirect.github.com/withastro/astro/tree/HEAD/package
2144	2026-06-05T01:35:24Z	2026-06-05T01:46:12Z	fix(deps): update dependency posthog-node to v5.35.11	This PR contains the following updates: | Package | Change | [Age](https://docs.renovatebot.com/merge-confidence/) | [Confidence](https://docs.renovatebot.com/merge-confidence/) | |---|---|---|---| | [posthog-node](https://redirect.github.com/PostHog/posthog-js) ([source](https://redirect.github.com
2143	2026-06-05T01:35:16Z	2026-06-05T01:46:12Z	chore(deps): update typescript-eslint monorepo to v8.60.1	This PR contains the following updates: | Package | Change | [Age](https://docs.renovatebot.com/merge-confidence/) | [Confidence](https://docs.renovatebot.com/merge-confidence/) | |---|---|---|---| | [@typescript-eslint/eslint-plugin](https://typescript-eslint.io/packages/eslint-plugin) ([source](ht
2142	2026-06-04T18:14:48Z	2026-06-04T18:25:44Z	fix(deps): update dependency posthog-node to v5.35.9	This PR contains the following updates: | Package | Change | [Age](https://docs.renovatebot.com/merge-confidence/) | [Confidence](https://docs.renovatebot.com/merge-confidence/) | |---|---|---|---| | [posthog-node](https://redirect.github.com/PostHog/posthog-js) ([source](https://redirect.github.com
2141	2026-06-04T11:44:51Z	2026-06-04T11:57:04Z	chore(deps): update dependency eslint-import-resolver-typescript to v4.4.5	This PR contains the following updates: | Package | Change | [Age](https://docs.renovatebot.com/merge-confidence/) | [Confidence](https://docs.renovatebot.com/merge-confidence/) | |---|---|---|---| | [eslint-import-resolver-typescript](https://redirect.github.com/import-js/eslint-import-resolver-typ
2140	2026-06-03T23:10:12Z	2026-06-03T23:21:26Z	fix(deps): update dependency posthog-node to v5.35.8	This PR contains the following updates: | Package | Change | [Age](https://docs.renovatebot.com/merge-confidence/) | [Confidence](https://docs.renovatebot.com/merge-confidence/) | |---|---|---|---| | [posthog-node](https://redirect.github.com/PostHog/posthog-js) ([source](https://redirect.github.com
2139	2026-06-03T23:02:06Z	2026-06-03T23:13:20Z	fix(deps): update dependency tsx to v4.22.4	This PR contains the following updates: | Package | Change | [Age](https://docs.renovatebot.com/merge-confidence/) | [Confidence](https://docs.renovatebot.com/merge-confidence/) | |---|---|---|---| | [tsx](https://tsx.hirok.io) ([source](https://redirect.github.com/privatenumber/tsx)) | [`4.22.3` → 
2138	2026-06-02T02:15:21Z	2026-06-02T02:27:45Z	chore(deps): update dependency eslint to v10.4.1	This PR contains the following updates: | Package | Change | [Age](https://docs.renovatebot.com/merge-confidence/) | [Confidence](https://docs.renovatebot.com/merge-confidence/) | |---|---|---|---| | [eslint](https://eslint.org) ([source](https://redirect.github.com/eslint/eslint)) | [`10.4.0` → `10
2137	2026-06-02T01:55:09Z	2026-06-02T02:07:16Z	fix(deps): update dependency commander to v15	This PR contains the following updates: | Package | Change | [Age](https://docs.renovatebot.com/merge-confidence/) | [Confidence](https://docs.renovatebot.com/merge-confidence/) | |---|---|---|---| | [commander](https://redirect.github.com/tj/commander.js) | [`14.0.3` → `15.0.0`](https://renovatebot
2136	2026-06-02T01:54:51Z	2026-06-02T02:02:42Z	chore(deps): update dependency @typescript-eslint/utils to v8.60.1	This PR contains the following updates: | Package | Change | [Age](https://docs.renovatebot.com/merge-confidence/) | [Confidence](https://docs.renovatebot.com/merge-confidence/) | |---|---|---|---| | [@typescript-eslint/utils](https://typescript-eslint.io/packages/utils) ([source](https://redirect.g
2135	2026-06-01T03:39:40Z	2026-06-07T20:42:59Z	chore(deps): update dependency js-yaml to v4.2.0	This PR contains the following updates: | Package | Change | [Age](https://docs.renovatebot.com/merge-confidence/) | [Confidence](https://docs.renovatebot.com/merge-confidence/) | |---|---|---|---| | [js-yaml](https://redirect.github.com/nodeca/js-yaml) | [`4.1.1` → `4.2.0`](https://renovatebot.com/
2134	2026-06-01T03:39:23Z	2026-06-01T03:53:09Z	fix(deps): update dependency posthog-node to v5.35.6	This PR contains the following updates: | Package | Change | [Age](https://docs.renovatebot.com/merge-confidence/) | [Confidence](https://docs.renovatebot.com/merge-confidence/) | |---|---|---|---| | [posthog-node](https://redirect.github.com/PostHog/posthog-js) ([source](https://redirect.github.com
2133	2026-05-31T17:51:52Z	2026-08-01T03:27:01Z	Version Packages	This PR was opened by the [Changesets release](https://github.com/changesets/action) GitHub action. When you're ready to do a release, you can merge this and the packages will be published to npm automatically. If you're not ready to do a release yet, that's fine, whenever you add more changesets to
2132	2026-05-31T17:47:53Z	2026-05-31T17:58:39Z	fix(deps): update dependency astro to v6.4.2	This PR contains the following updates: | Package | Change | [Age](https://docs.renovatebot.com/merge-confidence/) | [Confidence](https://docs.renovatebot.com/merge-confidence/) | |---|---|---|---| | [astro](https://astro.build) ([source](https://redirect.github.com/withastro/astro/tree/HEAD/package
2131	2026-05-31T17:40:27Z	2026-05-31T17:51:01Z	chore(deps): update dependency eslint-plugin-prettier to v5.5.6	This PR contains the following updates: | Package | Change | [Age](https://docs.renovatebot.com/merge-confidence/) | [Confidence](https://docs.renovatebot.com/merge-confidence/) | |---|---|---|---| | [eslint-plugin-prettier](https://redirect.github.com/prettier/eslint-plugin-prettier) | [`5.5.5` → `
2130	2026-05-30T16:00:32Z	2026-05-30T16:12:05Z	fix(deps): update dependency posthog-node to v5.35.5	This PR contains the following updates: | Package | Change | [Age](https://docs.renovatebot.com/merge-confidence/) | [Confidence](https://docs.renovatebot.com/merge-confidence/) | |---|---|---|---| | [posthog-node](https://redirect.github.com/PostHog/posthog-js) ([source](https://redirect.github.com
2128	2026-05-29T18:35:45Z	2026-05-29T18:46:14Z	fix(deps): update dependency posthog-node to v5.35.4	This PR contains the following updates: | Package | Change | [Age](https://docs.renovatebot.com/merge-confidence/) | [Confidence](https://docs.renovatebot.com/merge-confidence/) | |---|---|---|---| | [posthog-node](https://redirect.github.com/PostHog/posthog-js) ([source](https://redirect.github.com
2127	2026-05-29T18:35:33Z	2026-05-29T18:48:36Z	fix(deps): update dependency astro to v6.3.8	This PR contains the following updates: | Package | Change | [Age](https://docs.renovatebot.com/merge-confidence/) | [Confidence](https://docs.renovatebot.com/merge-confidence/) | |---|---|---|---| | [astro](https://astro.build) ([source](https://redirect.github.com/withastro/astro/tree/HEAD/package
2126	2026-05-29T13:16:07Z	2026-05-29T13:27:49Z	fix(deps): update dependency posthog-node to v5.35.3	This PR contains the following updates: | Package | Change | [Age](https://docs.renovatebot.com/merge-confidence/) | [Confidence](https://docs.renovatebot.com/merge-confidence/) | |---|---|---|---| | [posthog-node](https://redirect.github.com/PostHog/posthog-js) ([source](https://redirect.github.com
2125	2026-05-29T05:09:43Z	2026-05-29T05:21:37Z	fix(deps): update dependency json-schema-faker to v0.6.2	This PR contains the following updates: | Package | Change | [Age](https://docs.renovatebot.com/merge-confidence/) | [Confidence](https://docs.renovatebot.com/merge-confidence/) | |---|---|---|---| | [json-schema-faker](https://json-schema-faker.js.org/) ([source](https://redirect.github.com/json-sc
2124	2026-05-29T00:51:34Z	2026-05-29T01:03:30Z	chore(deps): update typescript-eslint monorepo to v8.60.0	This PR contains the following updates: | Package | Change | [Age](https://docs.renovatebot.com/merge-confidence/) | [Confidence](https://docs.renovatebot.com/merge-confidence/) | |---|---|---|---| | [@typescript-eslint/eslint-plugin](https://typescript-eslint.io/packages/eslint-plugin) ([source](ht
2123	2026-05-29T00:51:25Z	2026-05-29T01:02:25Z	fix(deps): update dependency posthog-node to v5.35.2	This PR contains the following updates: | Package | Change | [Age](https://docs.renovatebot.com/merge-confidence/) | [Confidence](https://docs.renovatebot.com/merge-confidence/) | |---|---|---|---| | [posthog-node](https://redirect.github.com/PostHog/posthog-js) ([source](https://redirect.github.com
2122	2026-05-26T20:55:19Z	2026-05-26T21:06:41Z	chore(deps): update dependency @swc/core to v1.15.40	This PR contains the following updates: | Package | Change | [Age](https://docs.renovatebot.com/merge-confidence/) | [Confidence](https://docs.renovatebot.com/merge-confidence/) | |---|---|---|---| | [@swc/core](https://swc.rs) ([source](https://redirect.github.com/swc-project/swc/tree/HEAD/packages
2121	2026-05-25T17:58:29Z	2026-05-25T18:06:45Z	chore(deps): update dependency @typescript-eslint/utils to v8.60.0	This PR contains the following updates: | Package | Change | [Age](https://docs.renovatebot.com/merge-confidence/) | [Confidence](https://docs.renovatebot.com/merge-confidence/) | |---|---|---|---| | [@typescript-eslint/utils](https://typescript-eslint.io/packages/utils) ([source](https://redirect.g
2120	2026-05-25T17:58:03Z	2026-05-25T18:09:43Z	fix(deps): update dependency posthog-node to v5.35.1	This PR contains the following updates: | Package | Change | [Age](https://docs.renovatebot.com/merge-confidence/) | [Confidence](https://docs.renovatebot.com/merge-confidence/) | |---|---|---|---| | [posthog-node](https://redirect.github.com/PostHog/posthog-js) ([source](https://redirect.github.com
2119	2026-05-25T00:55:25Z		feat: add chaos() API for HTTP-layer fault injection with default-on rules	## Summary Implements the `chaos()` API for HTTP-layer fault injection and updates runtime wiring so chaos rules are managed by a **single server-level `ChaosRegistry`** shared across all API runners (including multi-API mode). The REPL `chaos()` global now affects all configured API groups consiste
2118	2026-05-24T20:47:50Z	2026-05-24T20:58:22Z	fix(deps): update dependency posthog-node to v5.35.0	This PR contains the following updates: | Package | Change | [Age](https://docs.renovatebot.com/merge-confidence/) | [Confidence](https://docs.renovatebot.com/merge-confidence/) | |---|---|---|---| | [posthog-node](https://redirect.github.com/PostHog/posthog-js) ([source](https://redirect.github.com
2117	2026-05-24T20:40:29Z	2026-05-24T20:52:25Z	fix(deps): update dependency astro to v6.3.7	This PR contains the following updates: | Package | Change | [Age](https://docs.renovatebot.com/merge-confidence/) | [Confidence](https://docs.renovatebot.com/merge-confidence/) | |---|---|---|---| | [astro](https://astro.build) ([source](https://redirect.github.com/withastro/astro/tree/HEAD/package
2116	2026-05-24T13:32:31Z	2026-05-24T13:43:28Z	fix(deps): update dependency posthog-node to v5.34.8	This PR contains the following updates: | Package | Change | [Age](https://docs.renovatebot.com/merge-confidence/) | [Confidence](https://docs.renovatebot.com/merge-confidence/) | |---|---|---|---| | [posthog-node](https://redirect.github.com/PostHog/posthog-js) ([source](https://redirect.github.com
2115	2026-05-24T13:32:23Z	2026-05-24T13:43:28Z	fix(deps): update dependency koa to v3.2.1	This PR contains the following updates: | Package | Change | [Age](https://docs.renovatebot.com/merge-confidence/) | [Confidence](https://docs.renovatebot.com/merge-confidence/) | |---|---|---|---| | [koa](https://koajs.com) ([source](https://redirect.github.com/koajs/koa)) | [`3.2.0` → `3.2.1`](htt
2113	2026-05-23T17:47:20Z	2026-05-23T18:20:25Z	Add robots.txt and llms.txt to counterfact.dev	## Summary Adds two discovery files to `site/public/` so they are served at the root of `https://counterfact.dev`. The goal is to increase findability for both search crawlers and LLMs surfacing relevant tools to developers. - **`robots.txt`** — open to all crawlers, no `Disallow` rules - **`llms.tx
2111	2026-05-23T16:38:28Z	2026-05-24T03:44:26Z	fix(deps): update dependency posthog-node to v5.34.7	This PR contains the following updates: | Package | Change | [Age](https://docs.renovatebot.com/merge-confidence/) | [Confidence](https://docs.renovatebot.com/merge-confidence/) | |---|---|---|---| | [posthog-node](https://redirect.github.com/PostHog/posthog-js) ([source](https://redirect.github.com
2110	2026-05-23T16:31:22Z	2026-05-23T16:43:13Z	fix(deps): update dependency astro to v6.3.6	This PR contains the following updates: | Package | Change | [Age](https://docs.renovatebot.com/merge-confidence/) | [Confidence](https://docs.renovatebot.com/merge-confidence/) | |---|---|---|---| | [astro](https://astro.build) ([source](https://redirect.github.com/withastro/astro/tree/HEAD/package
2109	2026-05-23T01:42:48Z		Add black-box behavioral specification for Counterfact	## Summary This PR adds `counterfact-behavioral-spec.md`: a product-level, black-box behavioral spec for Counterfact that defines externally observable behavior (not internals) so an independent implementation can be built and verified for compatibility. - **CLI + configuration contract**   - Define
2108	2026-05-23T01:15:36Z		Reverse-engineer OpenAPI spec for the core Admin API	## Summary Reverse-engineered a concrete OpenAPI spec from the current core Admin API behavior so the app now has a spec-driven artifact derived from implementation. Added a reference-doc entry so the spec is discoverable and usable. - **Spec artifact (from core behavior)**   - Added `docs/admin-api
2106	2026-05-22T23:29:41Z	2026-05-23T01:17:07Z	Prioritize readability in `security/detect-object-injection` cleanup	## Summary This PR now takes a readability-first approach to `security/detect-object-injection` handling. - Rolled back the broad refactors that introduced readability-unfriendly `Reflect`/`Object.entries`/switch-based rewrites in runtime, REPL, generator, and related tests. - Kept simple, low-risk 
2104	2026-05-22T22:56:30Z	2026-05-25T21:49:31Z	feat: append new HTTP method handlers to existing route files	## Summary When a new HTTP method is added to an existing path in the OpenAPI spec, regeneration previously skipped updating existing route files, so new handler stubs were missing. This change keeps existing route code intact while appending only missing handler exports (and required type imports).
2102	2026-05-22T22:53:32Z	2026-05-22T23:24:05Z	Watch code generation overlays for hot regeneration	## Summary When an applied overlay file changes, generation now reruns the same way it does for OpenAPI source edits. This closes the gap where overlay-driven changes required manual regeneration. - **Watch scope expanded**   - `CodeGenerator.watch()` now watches all local generation inputs, not jus
2099	2026-05-22T22:08:10Z	2026-05-22T22:29:03Z	Bootstrap contributor Copilot skills for Counterfact internals	## Summary This PR adds reusable Copilot skills for contributors working on Counterfact itself, grounded in current source/docs behavior rather than new architecture. It codifies how to make safe changes across runtime, CLI, generator/OpenAPI internals, and maintenance/release expectations. - **New 
2097	2026-05-22T21:52:38Z	2026-05-22T22:05:33Z	Fix telemetry discussion redirect target and usage docs link	## Summary Updates the telemetry discussion path so `/telemetry-discussion/index.html` redirects to the correct `counterfact/api-simulator` discussion, and updates `docs/usage.md` to link directly to the canonical site URL. - **Redirect page**   - Updated `docs/telemetry-discussion/index.html` to po
2094	2026-05-22T20:38:12Z	2026-05-22T20:50:05Z	chore(deps): update dependency @types/koa to v3.0.3	This PR contains the following updates: | Package | Change | [Age](https://docs.renovatebot.com/merge-confidence/) | [Confidence](https://docs.renovatebot.com/merge-confidence/) | |---|---|---|---| | [@types/koa](https://redirect.github.com/DefinitelyTyped/DefinitelyTyped/tree/master/types/koa) ([so
2093	2026-05-22T18:29:28Z	2026-05-22T18:40:50Z	fix(deps): update dependency precinct to v13	This PR contains the following updates: | Package | Change | [Age](https://docs.renovatebot.com/merge-confidence/) | [Confidence](https://docs.renovatebot.com/merge-confidence/) | |---|---|---|---| | [precinct](https://redirect.github.com/dependents/node-precinct) | [`12.3.2` → `13.0.0`](https://ren
2092	2026-05-22T18:29:14Z	2026-05-22T18:40:50Z	fix(deps): update dependency tsx to v4.22.3	This PR contains the following updates: | Package | Change | [Age](https://docs.renovatebot.com/merge-confidence/) | [Confidence](https://docs.renovatebot.com/merge-confidence/) | |---|---|---|---| | [tsx](https://tsx.hirok.io) ([source](https://redirect.github.com/privatenumber/tsx)) | [`4.22.2` → 
2091	2026-05-22T01:51:06Z	2026-05-22T02:02:10Z	fix(deps): update dependency posthog-node to v5.34.6	This PR contains the following updates: | Package | Change | [Age](https://docs.renovatebot.com/merge-confidence/) | [Confidence](https://docs.renovatebot.com/merge-confidence/) | |---|---|---|---| | [posthog-node](https://redirect.github.com/PostHog/posthog-js) ([source](https://redirect.github.com
2090	2026-05-22T01:43:55Z	2026-05-22T01:55:25Z	fix(deps): update dependency astro to v6.3.5	This PR contains the following updates: | Package | Change | [Age](https://docs.renovatebot.com/merge-confidence/) | [Confidence](https://docs.renovatebot.com/merge-confidence/) | |---|---|---|---| | [astro](https://astro.build) ([source](https://redirect.github.com/withastro/astro/tree/HEAD/package
2089	2026-05-21T21:41:44Z	2026-05-21T21:53:15Z	fix(deps): update dependency tsx to v4.22.2	This PR contains the following updates: | Package | Change | [Age](https://docs.renovatebot.com/merge-confidence/) | [Confidence](https://docs.renovatebot.com/merge-confidence/) | |---|---|---|---| | [tsx](https://tsx.hirok.io) ([source](https://redirect.github.com/privatenumber/tsx)) | [`4.22.1` → 
2088	2026-05-21T21:41:06Z	2026-05-21T21:53:15Z	chore(deps): update typescript-eslint monorepo to v8.59.4	This PR contains the following updates: | Package | Change | [Age](https://docs.renovatebot.com/merge-confidence/) | [Confidence](https://docs.renovatebot.com/merge-confidence/) | |---|---|---|---| | [@typescript-eslint/eslint-plugin](https://typescript-eslint.io/packages/eslint-plugin) ([source](ht
2087	2026-05-21T13:25:37Z	2026-05-21T13:51:39Z	Add SECURITY.md with vulnerability disclosure policy	## Summary Introduces a repository-level `SECURITY.md` defining how to report vulnerabilities, what versions are in scope for security fixes, and expected maintainer response flow.   Policy is aligned to current repo ownership/contact details and standard GitHub security-policy conventions. - **Supp
2086	2026-05-20T11:06:07Z	2026-05-20T11:22:03Z	fix(deps): update dependency tsx to v4.22.1	This PR contains the following updates: | Package | Change | [Age](https://docs.renovatebot.com/merge-confidence/) | [Confidence](https://docs.renovatebot.com/merge-confidence/) | |---|---|---|---| | [tsx](https://tsx.hirok.io) ([source](https://redirect.github.com/privatenumber/tsx)) | [`4.22.0` → 
2085	2026-05-18T19:52:07Z	2026-05-18T20:04:20Z	chore(deps): update dependency eslint to v10.4.0	This PR contains the following updates: | Package | Change | [Age](https://docs.renovatebot.com/merge-confidence/) | [Confidence](https://docs.renovatebot.com/merge-confidence/) | |---|---|---|---| | [eslint](https://eslint.org) ([source](https://redirect.github.com/eslint/eslint)) | [`10.3.0` → `10
2084	2026-05-18T19:52:02Z	2026-05-18T20:04:20Z	fix(deps): update dependency posthog-node to v5.34.2	This PR contains the following updates: | Package | Change | [Age](https://docs.renovatebot.com/merge-confidence/) | [Confidence](https://docs.renovatebot.com/merge-confidence/) | |---|---|---|---| | [posthog-node](https://redirect.github.com/PostHog/posthog-js) ([source](https://redirect.github.com
2083	2026-05-18T18:50:42Z	2026-05-18T18:59:39Z	chore(deps): update dependency @typescript-eslint/utils to v8.59.4	This PR contains the following updates: | Package | Change | [Age](https://docs.renovatebot.com/merge-confidence/) | [Confidence](https://docs.renovatebot.com/merge-confidence/) | |---|---|---|---| | [@typescript-eslint/utils](https://typescript-eslint.io/packages/utils) ([source](https://redirect.g
2082	2026-05-17T20:48:16Z	2026-05-17T20:59:43Z	fix(deps): update dependency tsx to v4.22.0	This PR contains the following updates: | Package | Change | [Age](https://docs.renovatebot.com/merge-confidence/) | [Confidence](https://docs.renovatebot.com/merge-confidence/) | |---|---|---|---| | [tsx](https://tsx.hirok.io) ([source](https://redirect.github.com/privatenumber/tsx)) | [`4.21.0` → 
2081	2026-05-17T20:48:09Z	2026-05-17T21:01:40Z	fix(deps): update dependency astro to v6.3.3	This PR contains the following updates: | Package | Change | [Age](https://docs.renovatebot.com/merge-confidence/) | [Confidence](https://docs.renovatebot.com/merge-confidence/) | |---|---|---|---| | [astro](https://astro.build) ([source](https://redirect.github.com/withastro/astro/tree/HEAD/package
2080	2026-05-16T20:47:58Z	2026-05-24T03:48:52Z	Version Packages	This PR was opened by the [Changesets release](https://github.com/changesets/action) GitHub action. When you're ready to do a release, you can merge this and the packages will be published to npm automatically. If you're not ready to do a release yet, that's fine, whenever you add more changesets to
2079	2026-05-16T20:34:53Z	2026-05-16T20:47:08Z	fix(deps): update dependency astro to v6.3.2	This PR contains the following updates: | Package | Change | [Age](https://docs.renovatebot.com/merge-confidence/) | [Confidence](https://docs.renovatebot.com/merge-confidence/) | |---|---|---|---| | [astro](https://astro.build) ([source](https://redirect.github.com/withastro/astro/tree/HEAD/package
2078	2026-05-16T01:30:51Z	2026-05-16T01:42:30Z	fix(deps): update dependency posthog-node to v5.34.1	This PR contains the following updates: | Package | Change | [Age](https://docs.renovatebot.com/merge-confidence/) | [Confidence](https://docs.renovatebot.com/merge-confidence/) | |---|---|---|---| | [posthog-node](https://redirect.github.com/PostHog/posthog-js) ([source](https://redirect.github.com
2077	2026-05-15T16:40:45Z	2026-05-15T16:52:21Z	fix(deps): update dependency posthog-node to v5.34.0	This PR contains the following updates: | Package | Change | [Age](https://docs.renovatebot.com/merge-confidence/) | [Confidence](https://docs.renovatebot.com/merge-confidence/) | |---|---|---|---| | [posthog-node](https://redirect.github.com/PostHog/posthog-js) ([source](https://redirect.github.com
2076	2026-05-15T16:22:03Z	2026-05-15T17:22:17Z	Remove patch-package dependency, postinstall script, and CI step	## Summary `patch-package` was listed as a runtime dependency with a `postinstall` hook, but the packages it patched (`http-proxy`, `tsutils`) are no longer direct dependencies. The lingering postinstall hook causes friction with `pnpm`'s `strictDepBuilds` security setting and is a needless attack s
2073	2026-05-15T01:05:49Z	2026-05-15T01:17:08Z	fix(deps): update dependency posthog-node to v5.33.7	This PR contains the following updates: | Package | Change | [Age](https://docs.renovatebot.com/merge-confidence/) | [Confidence](https://docs.renovatebot.com/merge-confidence/) | |---|---|---|---| | [posthog-node](https://redirect.github.com/PostHog/posthog-js) ([source](https://redirect.github.com
2072	2026-05-15T00:57:30Z	2026-05-15T01:09:22Z	chore(deps): update typescript-eslint monorepo to v8.59.3	This PR contains the following updates: | Package | Change | [Age](https://docs.renovatebot.com/merge-confidence/) | [Confidence](https://docs.renovatebot.com/merge-confidence/) | |---|---|---|---| | [@typescript-eslint/eslint-plugin](https://typescript-eslint.io/packages/eslint-plugin) ([source](ht
2069	2026-05-14T11:09:42Z	2026-05-14T14:29:06Z	Restore Google Analytics in Astro site layout	## Summary Restores the Google Analytics snippet lost in the Astro site rebuild by wiring tracking into the shared layout and carrying the production measurement ID through site build configuration. - **Shared layout**   - Injects the GA loader and `gtag` initialization from `site/src/layouts/MainLa
2067	2026-05-14T10:45:19Z	2026-05-14T16:28:55Z	Track website page views via PostHog in shared Astro layout and align site analytics CI config	## Summary Add PostHog pageview tracking to the website from the shared Astro layout, configure site CI with the public PostHog key, and resolve merge conflicts by preserving existing Google Analytics wiring alongside the new PostHog integration. - Added PostHog loader + init in `site/src/layouts/Ma
2065	2026-05-13T12:56:36Z	2026-05-13T13:09:51Z	fix(deps): pin dependencies	This PR contains the following updates: | Package | Type | Update | Change | |---|---|---|---| | [astro](https://astro.build) ([source](https://redirect.github.com/withastro/astro/tree/HEAD/packages/astro)) | dependencies | pin | [`^6.3.0` → `6.3.1`](https://renovatebot.com/diffs/npm/astro/6.3.1/6.3
2064	2026-05-12T10:34:12Z	2026-05-12T10:46:41Z	chore(deps): update dependency jest to v30.4.2	This PR contains the following updates: | Package | Change | [Age](https://docs.renovatebot.com/merge-confidence/) | [Confidence](https://docs.renovatebot.com/merge-confidence/) | |---|---|---|---| | [jest](https://jestjs.io/) ([source](https://redirect.github.com/jestjs/jest/tree/HEAD/packages/jest
2063	2026-05-11T23:38:36Z	2026-05-12T00:05:04Z	Enhance telemetry with privacy-safe startup, file-change, and REPL events	## Summary Added targeted telemetry coverage for startup, hot-reload, and REPL usage while tightening privacy guarantees: API file locations are hashed, file names are never sent for change events, and REPL arguments are never sent. - **Startup telemetry**   - Tracks resolved startup options in `cou
2059	2026-05-11T22:12:55Z	2026-05-22T22:16:21Z	feat: add OpenAPI Overlays support	## Summary Adds support for <a href="https://spec.openapis.org/overlay/v1.0.0.html">OpenAPI Overlays v1.0.0</a> — a mechanism to apply targeted patches to an OpenAPI document without modifying the original file. **New CLI flag** (repeatable, applied in order): ```bash counterfact openapi.yaml ./out 
2057	2026-05-11T21:42:19Z	2026-05-11T23:04:13Z	Fix Renovate automerge config warning	## Summary - enable top-level Renovate automerge so Renovate no longer reports automerge as disabled by config - preserve the existing package rules for npm and GitHub Actions updates <details> <summary>Original Prompt</summary> ```text Why does Renovate say automerge is disabled by config? Fix it a
2056	2026-05-11T18:00:10Z	2026-05-11T23:02:57Z	chore(deps): update dependency @typescript-eslint/utils to v8.59.3	This PR contains the following updates: | Package | Change | [Age](https://docs.renovatebot.com/merge-confidence/) | [Confidence](https://docs.renovatebot.com/merge-confidence/) | |---|---|---|---| | [@typescript-eslint/utils](https://typescript-eslint.io/packages/utils) ([source](https://redirect.g
2055	2026-05-11T15:10:35Z	2026-05-11T15:22:55Z	chore(deps): update jest monorepo to v30.4.1	This PR contains the following updates: | Package | Change | [Age](https://docs.renovatebot.com/merge-confidence/) | [Confidence](https://docs.renovatebot.com/merge-confidence/) | |---|---|---|---| | [@jest/globals](https://redirect.github.com/jestjs/jest) ([source](https://redirect.github.com/jestj
2054	2026-05-11T00:42:06Z	2026-05-11T00:53:13Z	chore(deps): update jest monorepo to v30.4.0	This PR contains the following updates: | Package | Change | [Age](https://docs.renovatebot.com/merge-confidence/) | [Confidence](https://docs.renovatebot.com/merge-confidence/) | |---|---|---|---| | [@jest/globals](https://redirect.github.com/jestjs/jest) ([source](https://redirect.github.com/jestj
2053	2026-05-11T00:41:59Z	2026-05-11T00:52:06Z	fix(deps): update dependency posthog-node to v5.33.4	This PR contains the following updates: | Package | Change | [Age](https://docs.renovatebot.com/merge-confidence/) | [Confidence](https://docs.renovatebot.com/merge-confidence/) | |---|---|---|---| | [posthog-node](https://redirect.github.com/PostHog/posthog-js) ([source](https://redirect.github.com
2052	2026-05-10T16:45:11Z	2026-05-10T16:56:06Z	fix(deps): update dependency astro to ^6.3.0	This PR contains the following updates: | Package | Change | [Age](https://docs.renovatebot.com/merge-confidence/) | [Confidence](https://docs.renovatebot.com/merge-confidence/) | |---|---|---|---| | [astro](https://astro.build) ([source](https://redirect.github.com/withastro/astro/tree/HEAD/package
2051	2026-05-10T00:47:51Z	2026-05-11T20:21:36Z	chore(deps): update dependency eslint-plugin-n to v18	This PR contains the following updates: | Package | Change | [Age](https://docs.renovatebot.com/merge-confidence/) | [Confidence](https://docs.renovatebot.com/merge-confidence/) | |---|---|---|---| | [eslint-plugin-n](https://redirect.github.com/eslint-community/eslint-plugin-n) | [`17.24.0` → `18.0
2050	2026-05-10T00:47:44Z	2026-05-10T00:58:04Z	fix(deps): update dependency precinct to v12.3.2	This PR contains the following updates: | Package | Change | [Age](https://docs.renovatebot.com/merge-confidence/) | [Confidence](https://docs.renovatebot.com/merge-confidence/) | |---|---|---|---| | [precinct](https://redirect.github.com/dependents/node-precinct) | [`12.3.1` → `12.3.2`](https://ren
2049	2026-05-09T23:05:02Z	2026-05-09T23:15:25Z	fix(deps): update dependency posthog-node to v5.33.3	This PR contains the following updates: | Package | Change | [Age](https://docs.renovatebot.com/merge-confidence/) | [Confidence](https://docs.renovatebot.com/merge-confidence/) | |---|---|---|---| | [posthog-node](https://redirect.github.com/PostHog/posthog-js) ([source](https://redirect.github.com
2048	2026-05-09T23:04:55Z	2026-05-09T23:15:25Z	fix(deps): update dependency fs-extra to v11.3.5	This PR contains the following updates: | Package | Change | [Age](https://docs.renovatebot.com/merge-confidence/) | [Confidence](https://docs.renovatebot.com/merge-confidence/) | |---|---|---|---| | [fs-extra](https://redirect.github.com/jprichardson/node-fs-extra) | [`11.3.4` → `11.3.5`](https://r
2047	2026-05-09T22:57:04Z	2026-05-09T23:08:26Z	chore(deps): update typescript-eslint monorepo to v8.59.2	This PR contains the following updates: | Package | Change | [Age](https://docs.renovatebot.com/merge-confidence/) | [Confidence](https://docs.renovatebot.com/merge-confidence/) | |---|---|---|---| | [@typescript-eslint/eslint-plugin](https://typescript-eslint.io/packages/eslint-plugin) ([source](ht
2046	2026-05-09T21:51:35Z	2026-05-09T22:57:27Z	Add OpenAPI 3.2 JSON Schema keyword coverage for schema-based random generation	## Summary OpenAPI 3.2 moves to `draft-bhutton-json-schema-01`, so this PR verifies our `json-schema-faker` integration handles the newly relevant keywords used by mock generation paths.   The change is intentionally scoped to coverage: new focused tests assert behavior for `prefixItems`, `unevaluat
2045	2026-05-09T21:12:16Z	2026-05-22T21:55:06Z	Support OpenAPI `apiKey` security (`header`/`query`/`cookie`) in generated route types and `$.auth` (always present with empty-string default), and resolve recurring merge conflicts with `main`	## Summary Counterfact previously ignored OpenAPI `securitySchemes` for `apiKey`, so generated handlers did not require API key inputs and could not access them via auth context. This change makes `apiKey` behave like a first-class operation input and exposes it as `$.auth.apiKey`. Based on follow-u
2044	2026-05-09T21:01:19Z	2026-05-11T21:49:06Z	Support OpenAPI 3.2 `additionalOperations` for custom HTTP methods (including example.yaml fixture examples and merge conflict resolution)	## Summary OpenAPI 3.2 `paths[*].additionalOperations` entries were being ignored during generation and therefore never reachable at runtime. This change flattens those operations into generation and enables end-to-end dispatch for arbitrary HTTP methods (e.g. `LINK`) while preserving existing behav
2043	2026-05-09T21:01:01Z	2026-05-09T21:25:42Z	OpenAPI 3.2: cover discriminator `defaultMapping` when `propertyName` is omitted	## Summary OpenAPI 3.2 allows `discriminator.propertyName` to be omitted when `defaultMapping` is present. This PR adds focused coverage to ensure schema type generation handles that shape without runtime errors and still emits valid union types. - **Generator behavior under OpenAPI 3.2 discriminato
2038	2026-05-05T17:08:29Z	2026-05-05T17:20:45Z	chore(deps): update dependency @swc/core to v1.15.33	This PR contains the following updates: | Package | Change | [Age](https://docs.renovatebot.com/merge-confidence/) | [Confidence](https://docs.renovatebot.com/merge-confidence/) | |---|---|---|---| | [@swc/core](https://swc.rs) ([source](https://redirect.github.com/swc-project/swc/tree/HEAD/packages
2035	2026-05-05T11:57:46Z	2026-05-09T20:42:57Z	feat: Support OpenAPI 3.2 `xml.nodeType` in JSON-to-XML serialisation	OpenAPI 3.2 adds a `nodeType` field to the XML Object (`element`, `attribute`, `text`, `cdata`, `none`). This PR implements that field in `src/server/json-to-xml.ts`, with backward compatibility for the deprecated `xml.attribute` and `xml.wrapped` flags. <details> <summary>Original Prompt</summary> 
2034	2026-05-05T10:39:10Z	2026-05-05T12:02:13Z	chore(deps): update dependency node to v24	This PR contains the following updates: | Package | Type | Update | Change | |---|---|---|---| | [node](https://redirect.github.com/actions/node-versions) | uses-with | major | `22` → `24` | --- ### Release Notes <details> <summary>actions/node-versions (node)</summary> ### [`v24.15.0`](https://redi
2033	2026-05-05T08:24:47Z	2026-05-05T08:33:28Z	chore(deps): update dependency node to v24	This PR contains the following updates: | Package | Type | Update | Change | |---|---|---|---| | [node](https://redirect.github.com/actions/node-versions) | uses-with | major | `22` → `24` | --- ### Release Notes <details> <summary>actions/node-versions (node)</summary> ### [`v24.15.0`](https://redi
2032	2026-05-05T08:24:38Z	2026-05-05T08:33:11Z	chore(deps): update actions/upload-pages-artifact action to v5	This PR contains the following updates: | Package | Type | Update | Change | |---|---|---|---| | [actions/upload-pages-artifact](https://redirect.github.com/actions/upload-pages-artifact) | action | major | `v3` → `v5` | --- ### Release Notes <details> <summary>actions/upload-pages-artifact (actions
2031	2026-05-05T08:00:44Z	2026-05-05T10:37:02Z	fix: resolve broken site links and add CI link checker	## Summary Relative `.md` links in markdown docs broke on the published Astro site because Astro serves every page one level deeper than its filesystem path (e.g. `getting-started.md` → `/docs/getting-started/`), making `./reference` resolve to `/docs/getting-started/reference` instead of `/docs/ref
2029	2026-05-05T07:50:44Z	2026-05-05T11:37:33Z	feat: set `name` field on injected Counterfact server entry (OpenAPI 3.2)	## Summary OpenAPI 3.2 adds a `name` field to the Server Object. Without it, 3.2-aware UIs (e.g. Swagger UI) fall back to `description` or the URL as the server label. This wires `name: "Counterfact"` into the server entry we inject at request time. <details> <summary>Original Prompt</summary> OpenA
2028	2026-05-05T07:49:58Z	2026-05-09T18:44:01Z	OpenAPI 3.2: Include discriminator.defaultMapping in generated union types	## Summary OpenAPI 3.2's `discriminator.defaultMapping` field specifies which schema to use when the discriminator value is absent or unmatched—but `SchemaTypeCoder.writeGroup()` was ignoring it, causing the default variant to be missing from generated TypeScript union types. **Example**: a schema l
2027	2026-05-05T07:49:22Z		feat: emit @deprecated JSDoc for operations using deprecated security schemes (OpenAPI 3.2)	## Summary When an OpenAPI 3.2 security scheme has `deprecated: true`, generated handler types now include a `/** @deprecated The security scheme '<name>' is deprecated. */` JSDoc comment, surfacing the deprecation as an IDE strikethrough warning. The `@deprecated` tag is only emitted for operations
2026	2026-05-05T07:48:59Z	2026-05-05T22:00:40Z	Add regression tests for $ref resolution on components/mediaTypes (OpenAPI 3.2)	## Summary OpenAPI 3.2 introduces `components/mediaTypes` for reusing Media Type Objects via `$ref`. The existing bundler and `Requirement` traversal already handled this correctly, but it was untested. This PR adds explicit regression coverage confirming that `$ref` pointers to `#/components/mediaT
2025	2026-05-05T07:47:54Z	2026-05-09T22:55:11Z	feat: OpenAPI 3.2 streaming responses and SSE via itemSchema	## Summary Adds first-class support for OpenAPI 3.2 sequential media types (`text/event-stream`, `application/jsonl`, `application/json-seq`, ndjson). When a Media Type Object uses `itemSchema`, the generator emits `AsyncIterable<T>` as the body type; the Koa layer streams each yielded item in the c
2024	2026-05-05T07:43:44Z	2026-05-05T17:10:10Z	chore(deps): update actions/setup-node action to v6	This PR contains the following updates: | Package | Type | Update | Change | |---|---|---|---| | [actions/setup-node](https://redirect.github.com/actions/setup-node) | action | major | `v4` → `v6` | --- ### Release Notes <details> <summary>actions/setup-node (actions/setup-node)</summary> ### [`v6.4
2023	2026-05-05T07:43:35Z	2026-05-05T07:55:57Z	chore(deps): update actions/deploy-pages action to v5	This PR contains the following updates: | Package | Type | Update | Change | |---|---|---|---| | [actions/deploy-pages](https://redirect.github.com/actions/deploy-pages) | action | major | `v4` → `v5` | --- ### Release Notes <details> <summary>actions/deploy-pages (actions/deploy-pages)</summary> ##
2022	2026-05-05T06:34:08Z	2026-05-05T06:42:06Z	chore(deps): update actions/configure-pages action to v6	This PR contains the following updates: | Package | Type | Update | Change | |---|---|---|---| | [actions/configure-pages](https://redirect.github.com/actions/configure-pages) | action | major | `v5` → `v6` | --- ### Release Notes <details> <summary>actions/configure-pages (actions/configure-pages)<
2021	2026-05-05T06:34:06Z	2026-05-05T07:46:56Z	chore(deps): update actions/checkout action to v6	This PR contains the following updates: | Package | Type | Update | Change | |---|---|---|---| | [actions/checkout](https://redirect.github.com/actions/checkout) | action | major | `v4` → `v6` | --- ### Release Notes <details> <summary>actions/checkout (actions/checkout)</summary> ### [`v6.0.2`](htt
2020	2026-05-05T02:41:58Z	2026-05-09T20:42:57Z	feat: prefer dataValue over value in OpenAPI 3.2 example responses	OpenAPI 3.2 adds `dataValue` to the Example Object as a structured alternative to `value`. Counterfact was silently ignoring it, always returning `value`. ## Summary Prefer `dataValue` over `value` when building named example responses (both `.example("name")` and `.random()`), falling back to `valu
2019	2026-05-05T02:40:05Z	2026-05-09T20:50:00Z	OpenAPI 3.2: Add regression tests for $self document identity and $ref resolution	OpenAPI 3.2's `$self` field declares a document's canonical URI, which acts as the base for resolving relative `$ref` values. This was untested — adding coverage to confirm `@apidevtools/json-schema-ref-parser` passes `$self` through unchanged and that relative `$ref` resolution is unaffected. ## Su
2018	2026-05-05T02:37:26Z	2026-05-05T02:55:01Z	feat: add native QUERY HTTP method support (OpenAPI 3.2)	OpenAPI 3.2 formalises `QUERY` as a first-class HTTP method — safe and idempotent but body-carrying, suited for complex search/filter operations. This PR wires `QUERY` through the registry, dispatcher, Koa middleware, migration helper, and MSW integration. ## Changes - **`src/server/registry.ts`** —
2017	2026-05-05T02:34:34Z	2026-05-09T21:29:42Z	feat: support OpenAPI 3.2 `querystring` parameter location	## Summary OpenAPI 3.2 adds `in: querystring` as a parameter location that treats the **entire query string** as a single typed object (vs `in: query`, which targets individual named parameters). This PR wires up full support: type generation and runtime extraction. As part of this work, `Requiremen
2001	2026-05-05T02:31:06Z	2026-05-05T02:53:35Z	Fix broken relative links on .md alias doc pages	## Summary Relative links in docs (e.g. "Patterns" on `/docs/getting-started.md/`) were broken because `.md` alias pages were rendered as full content pages. Astro's static output stores them as `name/index.html`, giving them a URL like `/docs/getting-started.md/` — so `./patterns/` resolved to `/do
1999	2026-05-05T02:22:49Z	2026-05-05T02:34:58Z	chore(deps): update typescript-eslint monorepo to v8.59.1	This PR contains the following updates: | Package | Change | [Age](https://docs.renovatebot.com/merge-confidence/) | [Confidence](https://docs.renovatebot.com/merge-confidence/) | |---|---|---|---| | [@typescript-eslint/eslint-plugin](https://typescript-eslint.io/packages/eslint-plugin) ([source](ht
1998	2026-05-05T02:15:13Z	2026-05-05T02:26:14Z	chore(deps): update dependency eslint-plugin-regexp to v3.1.0	This PR contains the following updates: | Package | Change | [Age](https://docs.renovatebot.com/merge-confidence/) | [Confidence](https://docs.renovatebot.com/merge-confidence/) | |---|---|---|---| | [eslint-plugin-regexp](https://redirect.github.com/ota-meshi/eslint-plugin-regexp) | [`3.0.0` → `3.1
1997	2026-05-05T02:01:25Z	2026-05-05T02:13:05Z	Add build-simulation skill: prompt for AI-guided API simulation from OpenAPI spec	## Summary Adds `skills/build-simulation/SKILL.md` — a structured, step-by-step prompt guiding an AI agent from a bare OpenAPI spec to a fully simulated, stateful mock API. **The skill covers:** - **Scaffold** — `npx counterfact@latest <spec> <dir>` to get a live server instantly - **Research** — re
1995	2026-05-05T01:45:07Z	2026-05-05T01:56:20Z	chore(deps): update dependency @types/debug to v4.1.13	This PR contains the following updates: | Package | Change | [Age](https://docs.renovatebot.com/merge-confidence/) | [Confidence](https://docs.renovatebot.com/merge-confidence/) | |---|---|---|---| | [@types/debug](https://redirect.github.com/DefinitelyTyped/DefinitelyTyped/tree/master/types/debug) 
1994	2026-05-05T01:40:32Z	2026-05-05T01:56:20Z	fix(deps): update dependency astro to v6 [security]	> ℹ️ **Note** >  > This PR body was truncated due to platform limits. This PR contains the following updates: | Package | Change | [Age](https://docs.renovatebot.com/merge-confidence/) | [Confidence](https://docs.renovatebot.com/merge-confidence/) | |---|---|---|---| | [astro](https://astro.build) (
1993	2026-05-05T01:37:07Z	2026-05-05T02:02:42Z	docs: document multi-version API support	Multi-version API support had no user-facing documentation — users couldn't discover the feature or know how to configure it. This PR adds the missing docs across four areas. ## Summary **New feature page** — `docs/features/multiple-versions.md` - YAML config syntax (`group` + `version` fields), wit
1992	2026-05-05T01:30:59Z	2026-05-05T01:44:10Z	fix(deps): upgrade @apidevtools/json-schema-ref-parser to v15.3.5, remove patch-package patch	## Summary Upgrades `@apidevtools/json-schema-ref-parser` to v15.3.5, which ships the Windows path fix natively — eliminating the need for the `patch-package` patch. Upstream issue [#405](https://github.com/APIDevTools/json-schema-ref-parser/issues/405) was closed by maintainers; v15.3.5 includes: -
1991	2026-05-05T00:38:41Z	2026-05-16T18:11:09Z	Version Packages	This PR was opened by the [Changesets release](https://github.com/changesets/action) GitHub action. When you're ready to do a release, you can merge this and the packages will be published to npm automatically. If you're not ready to do a release yet, that's fine, whenever you add more changesets to
1990	2026-05-05T00:27:42Z	2026-05-05T01:30:34Z	chore(config): migrate Renovate config	The Renovate config in this repository needs migrating. Typically this is because one or more configuration options you are using have been renamed.   You don't need to merge this PR right away, because Renovate will continue to migrate these fields internally each time it runs. But later some of th
1989	2026-05-05T00:26:32Z	2026-05-05T00:40:48Z	chore(deps): update actions/github-script action to v9	This PR contains the following updates: | Package | Type | Update | Change | |---|---|---|---| | [actions/github-script](https://redirect.github.com/actions/github-script) | action | major | `v8` → `v9` | --- ### Release Notes <details> <summary>actions/github-script (actions/github-script)</summary
1988	2026-05-05T00:26:25Z	2026-05-05T01:30:34Z	chore(deps): update actions/checkout action to v6	This PR contains the following updates: | Package | Type | Update | Change | |---|---|---|---| | [actions/checkout](https://redirect.github.com/actions/checkout) | action | major | `v4` → `v6` | --- ### Release Notes <details> <summary>actions/checkout (actions/checkout)</summary> ### [`v6.0.2`](htt
1987	2026-05-05T00:26:15Z	2026-05-05T00:57:15Z	fix(deps): update dependency precinct to v12.3.1	This PR contains the following updates: | Package | Change | [Age](https://docs.renovatebot.com/merge-confidence/) | [Confidence](https://docs.renovatebot.com/merge-confidence/) | |---|---|---|---| | [precinct](https://redirect.github.com/dependents/node-precinct) | [`12.2.0` → `12.3.1`](https://ren
1986	2026-05-05T00:26:00Z	2026-05-05T00:40:48Z	fix(deps): update dependency posthog-node to ^5.33.0	This PR contains the following updates: | Package | Change | [Age](https://docs.renovatebot.com/merge-confidence/) | [Confidence](https://docs.renovatebot.com/merge-confidence/) | |---|---|---|---| | [posthog-node](https://redirect.github.com/PostHog/posthog-js) ([source](https://redirect.github.com
1985	2026-05-05T00:25:47Z	2026-05-05T00:39:06Z	fix(deps): update dependency ajv to v8.20.0	This PR contains the following updates: | Package | Change | [Age](https://docs.renovatebot.com/merge-confidence/) | [Confidence](https://docs.renovatebot.com/merge-confidence/) | |---|---|---|---| | [ajv](https://ajv.js.org) ([source](https://redirect.github.com/ajv-validator/ajv)) | [`8.18.0` → `8
1984	2026-05-05T00:25:35Z	2026-05-05T00:41:26Z	chore(deps): update dependency eslint-plugin-promise to ^7.3.0	This PR contains the following updates: | Package | Change | [Age](https://docs.renovatebot.com/merge-confidence/) | [Confidence](https://docs.renovatebot.com/merge-confidence/) | |---|---|---|---| | [eslint-plugin-promise](https://redirect.github.com/eslint-community/eslint-plugin-promise) | [`^7.2
1983	2026-05-05T00:25:23Z	2026-05-05T00:47:58Z	chore(deps): update dependency eslint to v10.3.0	This PR contains the following updates: | Package | Change | [Age](https://docs.renovatebot.com/merge-confidence/) | [Confidence](https://docs.renovatebot.com/merge-confidence/) | |---|---|---|---| | [eslint](https://eslint.org) ([source](https://redirect.github.com/eslint/eslint)) | [`10.2.0` → `10
1982	2026-05-05T00:25:12Z	2026-05-05T01:30:34Z	chore(deps): update dependency @typescript-eslint/utils to v8.59.2	This PR contains the following updates: | Package | Change | [Age](https://docs.renovatebot.com/merge-confidence/) | [Confidence](https://docs.renovatebot.com/merge-confidence/) | |---|---|---|---| | [@typescript-eslint/utils](https://typescript-eslint.io/packages/utils) ([source](https://redirect.g
1981	2026-05-05T00:24:57Z	2026-05-05T00:45:17Z	chore(deps): update dependency @changesets/cli to v2.31.0	This PR contains the following updates: | Package | Change | [Age](https://docs.renovatebot.com/merge-confidence/) | [Confidence](https://docs.renovatebot.com/merge-confidence/) | |---|---|---|---| | [@changesets/cli](https://redirect.github.com/changesets/changesets/tree/main#readme) ([source](http
1980	2026-05-05T00:24:45Z	2026-05-05T00:45:00Z	fix(deps): update dependency typescript to v6.0.3	This PR contains the following updates: | Package | Change | [Age](https://docs.renovatebot.com/merge-confidence/) | [Confidence](https://docs.renovatebot.com/merge-confidence/) | |---|---|---|---| | [typescript](https://www.typescriptlang.org/) ([source](https://redirect.github.com/microsoft/TypeSc
1979	2026-05-05T00:24:33Z	2026-05-05T00:43:33Z	fix(deps): update dependency prettier to v3.8.3	This PR contains the following updates: | Package | Change | [Age](https://docs.renovatebot.com/merge-confidence/) | [Confidence](https://docs.renovatebot.com/merge-confidence/) | |---|---|---|---| | [prettier](https://prettier.io) ([source](https://redirect.github.com/prettier/prettier)) | [`3.8.1`
1978	2026-05-05T00:24:20Z	2026-05-05T00:42:41Z	fix(deps): update dependency json-schema-faker to v0.6.1	This PR contains the following updates: | Package | Change | [Age](https://docs.renovatebot.com/merge-confidence/) | [Confidence](https://docs.renovatebot.com/merge-confidence/) | |---|---|---|---| | [json-schema-faker](https://json-schema-faker.js.org/) ([source](https://redirect.github.com/json-sc
1977	2026-05-05T00:24:09Z	2026-05-05T00:43:49Z	chore(deps): update dependency eslint-plugin-jest to v29.15.2	This PR contains the following updates: | Package | Change | [Age](https://docs.renovatebot.com/merge-confidence/) | [Confidence](https://docs.renovatebot.com/merge-confidence/) | |---|---|---|---| | [eslint-plugin-jest](https://redirect.github.com/jest-community/eslint-plugin-jest) | [`29.15.1` → `
1976	2026-05-05T00:23:58Z	2026-05-05T00:40:48Z	chore(deps): update dependency @swc/core to v1.15.32	This PR contains the following updates: | Package | Change | [Age](https://docs.renovatebot.com/merge-confidence/) | [Confidence](https://docs.renovatebot.com/merge-confidence/) | |---|---|---|---| | [@swc/core](https://swc.rs) ([source](https://redirect.github.com/swc-project/swc/tree/HEAD/packages
1975	2026-05-05T00:23:45Z	2026-05-05T01:42:15Z	fix(deps): pin dependencies	This PR contains the following updates: | Package | Type | Update | Change | |---|---|---|---| | [@jest/globals](https://redirect.github.com/jestjs/jest) ([source](https://redirect.github.com/jestjs/jest/tree/HEAD/packages/jest-globals)) | devDependencies | pin | [`^30.3.0` → `30.3.0`](https://renov
1972	2026-04-30T14:41:14Z	2026-05-04T15:08:40Z	fix: include path-item-level parameters in generated TypeScript types and server runtime	## Summary OpenAPI allows parameters to be defined at the path item level (shared across all operations on that path), but both the TypeScript generator and the server dispatcher only read operation-level parameters — causing `path: never` in generated route handler types and missing type conversion
1970	2026-04-28T00:52:13Z	2026-04-28T02:20:44Z	fix: cast OAS3 schema-typed parameters at runtime	## Summary OAS3 places parameter types under `parameter.schema.type` rather than the OAS2 top-level `parameter.type`. The dispatcher's `parameterTypes()` only read the OAS2 field, so path/query/header parameters declared OAS3-style were never cast — e.g. `$.path.petId` remained `"1"` (string) instea
1966	2026-04-27T23:24:53Z	2026-05-05T01:39:38Z	Set up Astro with GitHub Pages, migrate homepage, and publish docs as site pages	Migrates the counterfact.dev homepage from Jekyll to Astro, deploying via GitHub Actions to GitHub Pages. The new-homepage branch's `docs/index.html` becomes the foundation. All markdown files under `docs/` are published as styled pages on the site, with `.md` links preserved in source (works on Git
1964	2026-04-27T23:02:29Z	2026-04-27T23:20:19Z	docs: fix CLI reference, programmatic API example, and without-openapi syntax errors	## Summary Several documentation pages had stale, incorrect, or broken content: the CLI reference was missing flags, the FAQ showed a wrong API signature, and the without-OpenAPI guide had invalid JS syntax and a broken link. <details> <summary>Original Prompt</summary> Review the docs. Update any i
1962	2026-04-26T01:56:23Z	2026-05-05T00:37:33Z	Add "Multiple API Versions" pattern and restructure patterns index	## Summary Adds a new `$.minVersion()` pattern page and rewrites the patterns index introduction. **`docs/patterns/multiple-versions.md`** (new) - Problem/Solution/Example/Consequences/Related Patterns structure matching existing pattern pages - Shows how to configure multiple versioned specs under 
1960	2026-04-26T01:47:24Z		feat: update ParametersTypeCoder and ParameterExportTypeCoder to emit output under version subdirectories	## Summary `ParametersTypeCoder` and `ParameterExportTypeCoder` were not following the `types/<version>/...` output convention already used by `SchemaTypeCoder` and `ResponseTypeCoder`. This change brings them into alignment so all type coders (except `OperationTypeCoder`) isolate per-version output
1959	2026-04-26T01:47:06Z		feat: version-aware scenario loading and $.version in startup scenario	## Summary Scenarios lacked version-awareness: all runners loaded from a single `scenarios/` directory, and the startup scenario had no way to know which version it was initializing. ### `$.version` in startup scenario `runStartupScenario` now accepts a `version` string (default `""`) and passes it 
1956	2026-04-26T00:28:33Z	2026-04-26T00:45:48Z	fix: update usage link in REPL and CLI banner to GitHub docs	## Summary Updates the docs URL from `https://counterfact.dev/docs/usage.html` to `https://github.com/counterfact/api-simulator/blob/main/docs/usage.md` in the REPL `.help` output and CLI startup banner. <details> <summary>Original Prompt</summary> Change it to https://github.com/counterfact/api-sim
1954	2026-04-25T23:38:28Z	2026-04-26T01:53:55Z	fix: separate mapped type from explicit properties in generated response object type	TypeScript prohibits mixing explicit properties and a mapped type in the same object literal. When an OpenAPI spec includes a `default` response alongside explicit status codes, the generator was emitting invalid TypeScript: ```ts // ❌ Before — TypeScript error: mapped type cannot be combined with e
1952	2026-04-25T19:22:04Z	2026-05-05T00:10:25Z	Version Packages	This PR was opened by the [Changesets release](https://github.com/changesets/action) GitHub action. When you're ready to do a release, you can merge this and the packages will be published to npm automatically. If you're not ready to do a release yet, that's fine, whenever you add more changesets to
1951	2026-04-25T17:38:13Z	2026-04-25T19:21:15Z	docs(workflow): add explanatory comment to manual-acceptance-tests.yaml	## Summary Adds a comment block at the top of `.github/workflows/manual-acceptance-tests.yaml` explaining why the workflow exists and how it behaves — no logic changes. <details> <summary>Original Prompt</summary> Add instructions in a comment to the top of `.github/workflows/manual-acceptance-tests
1950	2026-04-25T14:51:17Z	2026-04-25T19:21:15Z	feat: auto-derive URL prefix from group+version in SpecConfig	## Summary When a `SpecConfig` entry declares `group` and `version`, the server now automatically mounts its routes under `/<group>/<version>` — no explicit `prefix` required. Two versions of the same API become addressable at distinct URL prefixes on a single server instance. ```ts // Before: requi
1949	2026-04-25T14:51:03Z	2026-04-25T23:55:48Z	feat(generator): emit version-mapped handler types from OperationTypeCoder	## Summary Multi-version APIs sharing a path (e.g. `GET /pets` in both `v2` and `v3`) previously produced conflicting `HTTP_GET` type definitions in the shared `types/paths/pets.types.ts`. This PR introduces version-mapped handler types so each version's `$`-argument lives in its own subdirectory fi
1948	2026-04-25T14:50:53Z	2026-04-26T01:43:35Z	feat: emit per-group types/versions.ts with Versions, VersionsGTE, and Versioned types; add version property to generated $-arg type	## Summary When multi-version specs are configured (i.e. at least one `SpecConfig` has a non-empty `version` field), the code generator now emits `types/versions.ts` inside each API group's subdirectory (e.g. `petstore/types/versions.ts`). The file contains the `Versions` union, `VersionsGTE` map, a
1947	2026-04-25T14:50:34Z	2026-04-25T22:44:28Z	feat: add `version` field to `SpecConfig`, relax duplicate-group validation, and fix concurrent generation for multi-version specs	## Summary Adds an optional `version` field to `SpecConfig` as the foundational step for multi-version API support. Two specs may now share the same `group` when each carries a distinct non-empty `version`; all other duplicate-group cases continue to error. `SpecConfig.prefix` is now also optional —
1938	2026-04-25T13:13:47Z	2026-04-25T14:42:27Z	docs: propose sub-issues for multi-version API support plan (#1937)	## Summary Issue #1937 asks for a documented implementation plan for multi-version API support (e.g. `group: my-api, version: v1` + `group: my-api, version: v2` mounted at `/<group>/<version>`). This PR adds eight focused issue proposal files under `.github/issue-proposals/` — one per subsystem — th
1935	2026-04-25T00:41:00Z	2026-04-25T01:54:12Z	Fix: Query params of type object are now exploded correctly (OpenAPI default)	## Summary OpenAPI 3.x defaults query parameters of type `object` to `style: form, explode: true`, which means each property is sent as its own query param (e.g. `?page=0&size=100&sort=name`). Counterfact was looking for the literal parameter name (`pageable`) in the query string, producing a false 
1934	2026-04-22T01:47:57Z	2026-04-25T02:27:12Z	Version Packages	This PR was opened by the [Changesets release](https://github.com/changesets/action) GitHub action. When you're ready to do a release, you can merge this and the packages will be published to npm automatically. If you're not ready to do a release yet, that's fine, whenever you add more changesets to
1929	2026-04-18T13:46:18Z	2026-04-22T01:52:58Z	Pass `version` through coder construction chains with strict second-argument constructor ordering	## Summary Adds a `version` argument to `Coder` and propagates it through coder-to-coder construction paths so derived coders preserve version context across direct and delegated creation. Top-level coders still default to `""`. Based on follow-up feedback, constructor APIs now use a **strict** orde
1927	2026-04-18T02:09:52Z		Add 5 mobile-first homepage concept variants with fast-scan messaging and pattern-driven CTAs	## Summary Created five homepage variants that are intentionally short, mobile-friendly, and optimized for fast comprehension: visitors can understand Counterfact quickly, scan the page in under ~30 seconds, and choose a relevant next step.   Each variant includes focused value-prop copy, goal-based
1922	2026-04-16T19:19:24Z	2026-04-17T12:20:36Z	repl: update `.scenario` tab completion for group-qualified multi-API usage	## Summary Refactors `.scenario` REPL completion to match group-qualified multi-API syntax while preserving single-API behavior. Multi-runner completion now resolves in two stages: group selection first, then group-scoped scenario path/function completion. - **Completion flow**   - `.scenario <Tab>`
1921	2026-04-16T17:22:00Z	2026-04-16T18:56:03Z	repl: support group-qualified `.scenario` in multi-API sessions	## Summary Extended REPL `.scenario` to be mode-aware: single-runner keeps `.scenario <path>`, while multi-API now requires `.scenario <group> <path>` and executes against the selected runner’s scenario registry/context helpers. - **Command parsing**   - Added dual syntax handling by mode (`<path>` 
1920	2026-04-16T16:55:36Z	2026-04-16T17:18:46Z	Handle `_.context` syntax/import failures without crashing startup	## Summary A broken `_.context.ts` (syntax/import error) previously bubbled into startup failure paths. This change makes context-module load failures non-fatal: Counterfact now warns and skips that context module, while continuing to load routes. - **Context load error handling**   - In `ModuleLoad
1918	2026-04-16T15:11:55Z	2026-04-16T15:38:18Z	Replace unnamed regex capture groups with named groups	## Summary This PR applies the mechanical regex cleanup requested by `regexp/prefer-named-capture-group` at all current warning sites, using named groups while preserving existing matching and replacement behavior. It also adds a focused regression test around route-parameter alias generation. <deta
1917	2026-04-16T15:11:55Z	2026-04-16T17:00:47Z	Resolve `jest/expect-expect` warnings and stabilize flaky app runner test	## Summary This PR resolves the `jest/expect-expect` warning sites in helper-driven RawHttpClient tests and also addresses follow-up CI feedback by fixing a flaky unit test in `test/app.test.ts`. - Added explicit assertions to helper-driven RawHttpClient tests that previously relied on “no throw” be
1916	2026-04-16T15:11:54Z		Reduce `security/detect-object-injection` warnings with explicit keyed access guards	## Summary Reduced `security/detect-object-injection` noise by replacing ambiguous dynamic object indexing in request/route handling paths with explicit method/key resolution and own-property guards. The change triages remaining warning sites and keeps behavior intact in map-like registries and mock
1914	2026-04-16T15:11:53Z	2026-04-16T15:42:20Z	Reduce `detect-non-literal-fs-filename` noise with validated path reads and scoped suppressions	## Summary Reduces `security/detect-non-literal-fs-filename` warning volume by separating high-risk vs trusted path flows: user-influenced file reads now use explicit validation/normalization, and internal generation/migration paths use narrowly scoped suppressions with inline safety rationale. - **
1913	2026-04-16T15:11:52Z	2026-04-16T15:53:38Z	Remove obsolete skipped ModuleLoader tests to eliminate `jest/no-disabled-tests` findings	## Summary This change resolves the remaining `jest/no-disabled-tests` findings by evaluating and removing two stale skipped tests that are no longer actionable under current Jest/module-reload behavior. The suite no longer contains disabled tests, reducing regression blind spots. - **Scope**   - Re
1912	2026-04-16T15:11:51Z	2026-04-16T17:09:11Z	Disable `import/no-named-as-default-member` in test files to remove `js-yaml` false positives	## Summary `import/no-named-as-default-member` was producing false-positive warnings for `js-yaml` usage in tests, obscuring higher-signal lint output. This change disables that rule only in test file lint overrides, leaving non-test lint behavior unchanged. - **Scope**   - Narrowed to existing ESLi
1911	2026-04-16T15:11:51Z	2026-04-16T16:55:38Z	Audit and resolve `security/detect-unsafe-regex` findings	## Summary Audited every current `security/detect-unsafe-regex` warning and gave each a concrete disposition: one rewritten to remove regex risk, one retained with an explicit proof-oriented suppression note. Behavior remains unchanged while warning noise is reduced for this rule. - **Regex removal 
1902	2026-04-16T13:02:33Z	2026-04-16T14:13:43Z	Document lint warning recommendations and add follow-up issue proposal series	## Summary Reviewed current ESLint warnings, documented a recommendation per warning rule, and added a proposal series under `.github/issue-proposals/` so CI can create follow-up issues that collectively address all warning categories. <details> <summary>Original Prompt</summary> Review lint warning
1900	2026-04-16T12:53:29Z	2026-04-16T17:02:12Z	repl: expose grouped multi-API helpers and require unique group names	## Summary Counterfact REPL wiring previously used only the first `ApiRunner`, which blocked reliable state/scenario work across multiple APIs in one session. This change keeps the grouped REPL helper model for multi-API projects while adding strict multi-API group validation: group names must be **
1894	2026-04-16T11:57:03Z	2026-04-16T12:19:43Z	Add issue proposals for multi-ApiRunner REPL support	## Summary Breaks down the “Multiple ApiRunners in the REPL” work into actionable issue proposals instead of implementing runtime changes in this PR. The proposals cover grouped REPL context/routes, group-qualified `.scenario`, and updated tab completion, all linked to the parent issue. - **Proposed
1892	2026-04-16T01:20:22Z		Support multi-ApiRunner REPL state maps and API-qualified `.scenario` execution	## Summary REPL integration previously bound only the first `ApiRunner`, which made multi-spec servers partially inaccessible from REPL automation. This change wires all runners into REPL globals (`context.*`, `routes.*`) and updates `.scenario` + completion to require an API qualifier (`.scenario <
1889	2026-04-16T00:46:19Z		Add Architecture Report Card 3 for readability, naming, and organization	## Summary Added a focused architecture report card document assessing the codebase on readability, naming, and organization. The report includes grades, concrete strengths/gaps, and prioritized follow-up actions for maintainability. - **Deliverable**   - Added `/docs/development/architecture-report
1887	2026-04-16T00:43:21Z	2026-04-16T01:01:38Z	Narrow config argument passing to explicit key subsets	## Summary This PR addresses the config-coupling issue by stopping full `config` object propagation in call paths that consume only a few fields. Call sites now pass explicit config slices, making dependencies local and intentional. - **Config narrowing in app orchestration**   - `normalizeSpecs` no
1883	2026-04-15T20:50:07Z	2026-04-15T22:39:51Z	Add black-box coverage for multi-spec API configurations	## Summary This PR expands black-box coverage for running Counterfact with multiple API specs in a single config. It adds focused integration tests for route prefix isolation and per-group code generation layout. - **Multi-spec serving behavior**   - Added a black-box test that launches Counterfact 
1881	2026-04-15T20:48:56Z	2026-04-16T14:17:15Z	REPL: prefer OpenAPI paths in completer and split lookup logic	## Summary REPL route autocomplete now prefers OpenAPI path templates (when available) instead of registry-derived paths, so completions reflect canonical spec routes like `/example/hello/{name}`. The completer logic was also decomposed into focused lookup helpers to make behavior explicit and easie
1879	2026-04-15T18:52:38Z	2026-04-15T20:41:50Z	Multiple APIs with ApiRunner	## Summary Adds multi-spec support to `ApiRunner`: a single Counterfact instance can now serve multiple OpenAPI specs, each with its own URL prefix and generated-code subdirectory. <details> <summary>Original Prompt</summary> The spec property of the config file can be an array of objects with the f
1877	2026-04-15T18:10:34Z	2026-04-15T18:30:08Z	Test coverage: exclude counterfact-types from Jest and add tests for untested files	## Summary `src/counterfact-types/` is pure TypeScript type declarations — no runtime code, so V8 coverage reported it as 0% and polluted the report. Similarly, `src/server/config.ts` is a single interface definition. Both are now excluded from coverage collection. Four previously untested modules n
1875	2026-04-15T17:31:36Z	2026-04-15T17:40:02Z	rename routePrefix to prefix, make sure prefix is used in the CLI output	## Summary <!-- Copilot: write a concise summary of the change --> <details> <summary>Original Prompt</summary> <!-- Copilot: paste the full original prompt or issue description here --> </details> ## Manual acceptance tests <!-- Copilot: replace this section with 3–6 unchecked checkboxes per copilo
1874	2026-04-15T13:49:15Z	2026-04-15T16:26:34Z	Move most of bin/counterfact.js into src/cli/ as TypeScript	## Summary `bin/counterfact.js` was a 600-line monolithic JavaScript file doing everything: telemetry, update checks, banner rendering, Commander setup, config loading, migration, and server startup. All that logic is now TypeScript in `src/cli/`. **`bin/counterfact.js`** is now a ~70-line bootstrap
1872	2026-04-15T12:10:24Z	2026-04-15T12:26:01Z	Move MSW code out of app.ts	## Summary `app.ts` contained MSW (Mock Service Worker) types, constants, and functions mixed in with the core server startup logic. This extracts all MSW concerns into a dedicated `src/msw.ts` module. <details> <summary>Original Prompt</summary> Move code related to MocKServiceWorkers out of app.ts
1870	2026-04-14T21:50:04Z	2026-04-14T22:17:46Z	Organize Koa middleware into web-server/ with path-prefix-first signatures	## Summary Moves all Koa/HTTP-layer files into `src/server/web-server/` and restructures each middleware constructor so its path prefix is the first argument — making `createKoaApp` self-documenting at a glance. Also simplifies `openapiMiddleware` to handle exactly one path (drops multi-document arr
1868	2026-04-14T18:58:34Z	2026-04-14T20:38:19Z	feat: Pass runner into createKoaApp; add openApiPath and routePrefix to ApiRunner	## Summary Moves per-runner config (`openApiPath`, `routePrefix`) onto `ApiRunner` itself, then refactors `createKoaApp` to accept a `runner` alongside the existing `config` object instead of the previous `config` monolith + loose sub-system refs. This decouples the dispatcher, registry, and context
1866	2026-04-14T18:33:12Z	2026-04-17T12:55:48Z	Version Packages	This PR was opened by the [Changesets release](https://github.com/changesets/action) GitHub action. When you're ready to do a release, you can merge this and the packages will be published to npm automatically. If you're not ready to do a release yet, that's fine, whenever you add more changesets to
1865	2026-04-14T16:43:06Z	2026-04-14T18:32:32Z	feat: add ApiRunner class to encapsulate server sub-system lifecycle	## Summary Introduces `ApiRunner` — a class that owns the creation and lifecycle of all Counterfact server sub-systems for a single API spec, enabling multiple runners to eventually operate in parallel. **`src/api-runner.ts`** — new class with: - Static async factory: `ApiRunner.create(config)` hand
1862	2026-04-14T15:09:37Z	2026-04-14T15:26:36Z	refactor: use Pick<Config, ...> in function signatures to declare only used config keys	## Summary Each function that accepts a `Config` parameter now declares only the keys it actually uses via `Pick<Config, ...>`, making dependencies explicit and call sites easier to satisfy with minimal objects. <details> <summary>Original Prompt</summary> When a Config object is passed to a functio
1858	2026-04-14T14:01:42Z		fix: authenticate to npm in release workflow (resolve ENEEDAUTH)	## Summary The Release workflow was failing with `ENEEDAUTH` because `changesets/action@v1` invoked `npm publish` with no npm registry auth configured. **Two-line fix in `.github/workflows/release.yaml`:** - Add `registry-url: https://registry.npmjs.org` to `actions/setup-node@v6` — causes setup-nod
1853	2026-04-14T01:53:55Z	2026-04-14T10:51:16Z	Add `ForwardSlashPath` branded type and forward-slash path utilities	## Summary Centralizes all `replaceAll("\\\\", "/")` path normalization behind a suite of utility functions that return a branded `ForwardSlashPath` type, enabling static enforcement that backslash-to-forward-slash conversion has occurred before a path is used in contexts that require it (chokidar wat
1851	2026-04-14T00:04:31Z	2026-04-14T00:18:02Z	Refactor openapiMiddleware to accept multiple documents	## Summary Changes `openapiMiddleware` from `(path, url)` to an array of `{ path, baseUrl, id? }` descriptors, enabling future multi-spec support. Single-entry arrays preserve the existing `/counterfact/openapi` behavior; multi-entry arrays serve each spec at `/counterfact/openapi/{id}`. ```ts // Be
1849	2026-04-13T23:56:05Z	2026-04-14T01:10:40Z	Refactor: pass adminApiMiddleware into createKoaApp(); rename koaMiddleware to routesMiddleware	## Summary `adminApiMiddleware` was being constructed inside `createKoaApp()`, coupling middleware lifecycle to the factory and making parallel server setups awkward. This moves construction to the caller and renames the ambiguous `koaMiddleware` to `routesMiddleware` throughout. The `registry` para
1847	2026-04-13T21:03:07Z	2026-04-13T21:25:27Z	fix: close REPL servers after each test to prevent Jest worker from hanging	## Summary Each test in `test/repl/repl.test.ts` called `startRepl()` → `repl.start()`, creating a Node.js `REPLServer` that holds `process.stdin` open. Nothing ever closed them, so Jest workers couldn't exit, producing the "worker process has failed to exit gracefully" error. **Changes:** - `test/r
1845	2026-04-13T20:51:27Z		Parallel APIs second pass: add `specs` array to `counterfact.yaml`	## Summary Adds a `specs` array to `counterfact.yaml` that mounts multiple OpenAPI documents at distinct URL base paths from a single server instance. When `specs` is present it takes precedence over `spec`. ```yaml specs:   - source: ./billing.yaml     base: billing   - source: https://example.com/
1843	2026-04-13T20:44:28Z	2026-04-13T22:29:06Z	Fix TypeError when OpenAPI Path Item Object contains non-HTTP-verb fields	## Summary Path Item Objects that include `summary`, `description`, `servers`, or `parameters` fields (all valid per the OpenAPI spec) caused a `TypeError: Cannot use 'in' operator to search for 'operationId' in <string>` during code generation. The generator was blindly iterating all keys of a path
1841	2026-04-13T17:13:40Z		feat: support multiple APIs at different base paths via `specs` in counterfact.yaml	## Summary Adds a `specs` array to `counterfact.yaml` that mounts multiple OpenAPI documents at distinct URL base paths from a single server instance. When `specs` is present it takes precedence over `spec`. ```yaml specs:   - source: ./billing.yaml     base: billing   - source: https://example.com/
1839	2026-04-13T12:11:37Z	2026-04-13T13:53:03Z	Refine the README: concise two-paragraph intro + ten variants	## Summary Replaces the 192-line five-minute walkthrough README with a tight two-paragraph intro that explains what Counterfact is and why it's different from static mock servers—without the tutorial/marketing framing. Adds ten alternative variants under `docs/readme-variants/` for the team to pick 
1835	2026-04-11T18:51:18Z	2026-04-13T00:24:35Z	Add internal JSDocs throughout the codebase	## Summary Adds JSDoc comments to all major public APIs across `src/server/`, `src/typescript-generator/`, `src/repl/`, and `src/util/`. No functional changes. <details> <summary>Original Prompt</summary> Add JSDocs throughout the codebase. </details> ## Manual acceptance tests - [ ] Hover over `Reg
1833	2026-04-11T13:10:58Z	2026-04-13T17:18:48Z	feat: run `startup` export from `scenarios/index.ts` automatically on server init	## Summary Adds a `startup` lifecycle hook to scenario scripts. Exporting a function named `startup` from `scenarios/index.ts` causes it to run automatically after modules load, right before the REPL prompt appears — no manual `.scenario` command required. Skipped silently if absent. ```ts // scenar
1831	2026-04-11T12:27:33Z		Add `startup()` decorator for default scenarios	## Summary Scenario functions tagged with `startup()` now execute automatically when the server starts (after the HTTP server is listening, before the REPL prompt), making it easy to seed dummy data without manual REPL interaction. ```ts // scenarios/index.ts import { startup } from "counterfact"; i
1829	2026-04-11T12:21:48Z	2026-04-11T15:12:01Z	Move openapi-example.yaml to test/fixtures and flesh out with edge cases	## Summary Moves `openapi-example.yaml` from the repository root into `test/fixtures/openapi-example.yaml` and expands it with a comprehensive set of OpenAPI edge cases to better exercise the code generator and server. ## Changes - **`test/fixtures/openapi-example.yaml`** – new home for the file, gr
1828	2026-04-11T10:36:35Z	2026-04-11T12:19:12Z	Rename .apply REPL command to .scenario	## Summary Renames the `.apply` REPL command to `.scenario` across the entire codebase — runtime, tab-completion, generated scaffold comments, tests, feature docs, and the ADR. Also fixes leftover "apply script" wording in the ADR and replaces generic placeholder examples in the docs with realistic 
1826	2026-04-11T02:27:54Z	2026-04-13T15:31:14Z	feat: OpenApiDocument is now a class with built-in file watching and EventTarget	## Summary `OpenApiDocument` was a plain interface — loading and watching the spec file were handled by separate `loadOpenApiDocument` and `OpenApiWatcher` helpers. This PR collapses all three responsibilities into a single class. **`src/server/openapi-document.ts`** — new class: - Extends `EventTar
1823	2026-04-10T18:34:07Z	2026-04-14T15:31:01Z	Version Packages	This PR was opened by the [Changesets release](https://github.com/changesets/action) GitHub action. When you're ready to do a release, you can merge this and the packages will be published to npm automatically. If you're not ready to do a release yet, that's fine, whenever you add more changesets to
1822	2026-04-10T18:30:06Z	2026-04-13T16:45:19Z	Export Context$ and Scenario$ interfaces for strongly-typed loadContext() in _.context.ts files	## Summary `_.context.ts` constructors receive `{ loadContext, readJson }` from the module loader with no type information, making `loadContext` effectively untyped. This exports a `Context$` interface and a `Scenario$` interface from the generated `types/_.context.ts` so users can type their `_.con
1819	2026-04-10T17:58:50Z	2026-04-10T18:33:09Z	Remove the client (GUI)	## Summary Removes the Handlebars-based GUI client (`src/client/`) and its supporting middleware. The dashboard (`/counterfact/`) and RapiDoc (`/counterfact/rapidoc`) pages are gone; `/counterfact` now redirects to the remaining Swagger UI at `/counterfact/swagger`. `handlebars` is removed as a dire
1817	2026-04-10T15:12:31Z		Add a constructor with a strongly typed $ argument to the default Context class	## Summary The default generated `routes/_.context.ts` had an empty class body with no constructor, leaving users without IDE autocomplete or type safety when accessing `loadContext` and `readJson`. This adds a `ContextConstructorArgument` type (borrowing `loadContext` from the new `ApplyContext` ty
1811	2026-04-10T01:02:55Z	2026-04-10T01:30:44Z	Replace README v1–v6 with a five-minute walkthrough as the main README	## Summary Deletes all numbered README variants (v1–v6), the CYOA index, and the recommendation file, then replaces `README.md` with a concise five-minute walkthrough that takes the reader from "run one command" through custom route logic, shared state, the live REPL, and the proxy feature — ending 
1804	2026-04-09T21:03:19Z	2026-04-10T17:26:26Z	Add runtime response header validation with OpenAPI hot-reload	## Summary Validates response headers at runtime against the OpenAPI spec and reports errors as `response-type-error` HTTP headers — one header per error, with the same name repeated for multiple errors. Enabled by default; disable with `--no-validate-response`. Changes to the OpenAPI spec file are 
1801	2026-04-09T13:59:01Z	2026-04-09T21:58:59Z	Document usage patterns	## Summary Adds a pattern language for Counterfact — twelve individual pattern files (one per pattern) under `docs/patterns/`, plus a concise index at `docs/usage-patterns.md`. Each pattern is a reusable solution to a recurring problem when building API simulations with Counterfact, not a tutorial o
1799	2026-04-09T11:42:10Z	2026-04-09T12:04:54Z	Refactor counterfact-types: one type per file with JSDoc comments	Splits the monolithic `src/counterfact-types/index.ts` into individual files — one per type — each with a JSDoc comment explaining its purpose. No public API changes. ## Summary `src/counterfact-types/index.ts` contained all type definitions in a single 340-line file. Each type is now in its own fil
1797	2026-04-09T01:44:51Z	2026-04-10T16:41:41Z	Add .empty() method to response builder for no-body responses	## Summary Adds an `.empty()` method to the response builder to explicitly signal that a response has no body. Generated handler stubs for operations with no response content now call `.empty()` instead of returning the bare response object. ```ts // Before (generated for DELETE /pet/{petId} with no
1795	2026-04-09T01:29:14Z	2026-04-09T02:48:09Z	fix: type error when returning a response with no body	## Summary Returning `$.response[status]` directly (without calling `.json()`, `.text()`, etc.) caused a spurious TypeScript type error for routes where the spec defines no response body. `GenericResponseBuilder` uses `OmitValueWhenNever<Response>` to detect a "complete" response (nothing left to pr
1791	2026-04-08T21:48:33Z	2026-04-08T22:19:36Z	Work around component names that are reserved words	## Summary OpenAPI component names that match JS/TS reserved words (e.g. `import`, `class`, `type`) produce invalid TypeScript in generated output: ```ts // Before — syntax error import type { import } from "../../../../components/schemas/import.js"; export type import = string; // After — valid imp
1789	2026-04-08T21:25:59Z	2026-04-10T17:56:43Z	feat: implement .apply REPL dot-command (Approach 1: Minimalist Function Injection)	## Summary Implements `.apply` as a REPL dot-command that dynamically imports a TypeScript/JavaScript scenario file and calls a named export, injecting the live REPL environment (`context`, `loadContext`, `routes`, `route`) as its argument. **Path resolution:** | Command | File | Function | |---|---
1781	2026-04-08T20:19:17Z	2026-04-08T20:30:24Z	Fix src/util/README.md: correct file extensions and add missing entry	## Summary `src/util/README.md` referenced two files with stale `.js` extensions (since converted to `.ts`) and omitted `runtime-can-execute-erasable-ts.ts` entirely. - `ensure-directory-exists.js` → `ensure-directory-exists.ts` - `windows-escape.js` → `windows-escape.ts` - Added missing entry for `
1778	2026-04-08T19:56:36Z	2026-04-08T20:10:00Z	Switch issue proposals from PR-merge to branch-push workflow	## Summary Issue proposals previously required Copilot to open a PR; the PR itself served no purpose — only the merge mattered. This removes the PR step entirely: Copilot now pushes proposal files to a branch named `issue-request/<description>` and the CI workflow triggers directly on that push. <de
1757	2026-04-08T18:43:02Z	2026-04-08T18:55:54Z	Remove old proposals that were not cleaned up because CI was broken	
1756	2026-04-08T18:27:37Z	2026-04-08T18:51:51Z	Fix invalid YAML in manual-acceptance-tests workflow	## Summary The `manual-acceptance-tests.yaml` workflow was rejected by GitHub Actions as an invalid workflow file. The multi-line `python3 -c "..."` in the "Decide whether to enforce" step had Python source lines at column 0 — below the YAML block scalar's indentation level — causing YAML to termina
1740	2026-04-08T18:12:57Z	2026-04-09T12:26:44Z	fix: escape XML special characters in jsonToXml text content	## Problem In `src/server/json-to-xml.ts`, the `jsonToXml` function escapes attribute values via `xmlEscape()` but does **not** escape text content in the fallback branch for primitive values: ```ts return `<${name}>${String(json)}</${name}>`; ``` If the string contains `<`, `>`, `&`, `"` or ``, the
1732	2026-04-08T17:28:55Z	2026-04-08T18:16:48Z	feat: add ADR process with auto-numbering CI workflow	## Summary Establishes an ADR process using Andrew Harmel-Law's "Architecture Advice" template. ADRs are drafted as `docs/adr/xxx-name.md`, reviewed in PRs, and automatically assigned a sequential number (`001-`, `002-`, …) by CI on merge to `main`. <details> <summary>Original Prompt</summary> Intro
1729	2026-04-08T16:22:37Z	2026-04-08T16:59:38Z	feat: ban fs module in tests, enforce usingTemporaryFiles()	## Summary Tests should use `usingTemporaryFiles()` for all file I/O instead of importing `node:fs` directly. This adds an ESLint rule to enforce it and migrates all existing violations. <details> <summary>Original Prompt</summary> If tests need to create files, use the usingTemporaryFiles() functio
1723	2026-04-08T15:18:26Z	2026-04-09T18:06:18Z	feat: add counterfact.yaml config file support with --config option	## Summary CLI options were becoming unwieldy to pass on every invocation. This adds a `counterfact.yaml` config file as an alternative — any CLI option can now be set there, with command-line flags always winning on conflict. ```yaml # counterfact.yaml spec: ./openapi.yaml port: 8080 serve: true wa
1721	2026-04-08T08:38:11Z	2026-04-08T18:21:09Z	Propose AI agent improvements for Counterfact (#1720)	## Summary Adds 7 actionable issue proposals to `.github/issue-proposals/` targeting gaps in Counterfact's usability for AI agent workflows — state recovery, introspection, determinism, and discoverability. <details> <summary>Original Prompt</summary> Counterfact is increasingly being used in workfl
1719	2026-04-08T03:29:04Z	2026-04-08T20:14:03Z	Add draft ADR for multiple API support (#1718)	## Summary Issue #1718 asks for three distinct designs for running multiple OpenAPI specs under a single Counterfact server. This PR documents those designs as a draft Architecture Decision Record (ADR) under `docs/adr/`. No decision has been taken yet; the ADR captures all three options for review 
1717	2026-04-08T02:43:09Z		Add 10 Alan Kay-inspired feature proposals for Counterfact	## Summary Responds to issue #1716: propose 10 new Counterfact features, each documented as a GitHub issue proposal, written from Alan Kay's perspective — emphasizing live programming environments, system comprehension, and reducing friction between intent and working code. <details> <summary>Origin
1715	2026-04-08T02:39:29Z	2026-05-05T02:20:31Z	OpenAPI 3.2: Create sub-issues for 15 adoption opportunities	## Summary Breaks down <a href="https://github.com/counterfact/api-simulator/issues/1673">OpenAPI 3.2 — Opportunities for Counterfact (#1673)</a> into 15 actionable sub-issue proposals covering server-side, type-generation, and test-only opportunities. Three dashboard-only proposals were excluded si
1713	2026-04-07T16:57:10Z	2026-04-08T21:12:52Z	docs: propose six README rewrites, a CYOA hub, a recommendation, and implement the recommended README + docs pages	## Summary Proposes six alternative README approaches for Counterfact, provides an analysis and recommendation, then implements the recommended structure: a rewritten `README.md` and four new `docs/` subpages. Multiple rounds of review feedback have been incorporated, refining code examples, docs co
1711	2026-04-07T13:19:20Z	2026-04-07T15:42:25Z	fix: use `split(".")[0]` instead of passing whole array to `parseInt` in Node version check	## Summary `process.versions.node.split(".")` returns an array; passing it directly to `Number.parseInt()` relies on implicit `.toString()` coercion (`["22","3","0"]` → `"22,3,0"`) which happens to parse correctly today but is fragile and misleading. **Fix:** add `[0]` to extract only the major vers
1710	2026-04-07T13:19:09Z	2026-04-07T13:40:30Z	fix: replace deprecated unescape() with decodeURIComponent() in requirement.ts	`unescape()` is deprecated since ES3 and may be removed in future runtimes. Replaces it with `decodeURIComponent()` wrapped in try/catch so invalid percent sequences (e.g. `%uXXXX`, `%invalid`) are returned as-is rather than throwing. ```ts // before .map(unescape); // after .map((part) => {   try {
1703	2026-04-07T12:21:20Z	2026-04-07T12:39:20Z	Fix CI script that creates issues	## Summary Three bugs in the issue-creation workflow: test fixture files were being processed as real proposals; sub-issue linking was silently failing because the GitHub sub-issues API requires the internal issue `id`, not the human-readable `number`; and processed proposal files were not being del
1693	2026-04-07T11:58:15Z	2026-04-07T12:14:44Z	Bug Hunt 2: Document three latent bugs as issue proposals	Searched the codebase for latent bugs and created three issue proposals under `.github/issue-proposals/` for automated conversion to GitHub issues on merge. ## Bugs found - **`parseInt` receives an array** (`bin/counterfact.js:44`): `process.versions.node.split(".")` returns an array passed directly
1691	2026-04-07T11:28:48Z	2026-04-07T11:35:03Z	chore(deps): update dependency @swc/core to v1.15.24	This PR contains the following updates: | Package | Change | [Age](https://docs.renovatebot.com/merge-confidence/) | [Confidence](https://docs.renovatebot.com/merge-confidence/) | |---|---|---|---| | [@swc/core](https://swc.rs) ([source](https://redirect.github.com/swc-project/swc/tree/HEAD/packages
1690	2026-04-07T00:51:02Z	2026-04-07T20:03:17Z	Replace PR auto-update workflow with merge queue support	## Summary The PR auto-update workflow (pushing `main` into every open PR on merge) caused unreliable required check triggering due to `GITHUB_TOKEN` limitations, requiring manual close/reopen workarounds. This replaces it with GitHub merge queue, which validates at merge time instead. <details> <su
1688	2026-04-07T00:43:30Z	2026-04-07T02:38:21Z	chore(deps): update actions/github-script action to v8	This PR contains the following updates: | Package | Type | Update | Change | |---|---|---|---| | [actions/github-script](https://redirect.github.com/actions/github-script) | action | major | `v7` → `v8` | --- ### Release Notes <details> <summary>actions/github-script (actions/github-script)</summary
1687	2026-04-07T00:12:52Z	2026-04-07T00:18:58Z	Add CI workflow to auto-update PR branches when main changes	## Summary Adds a GitHub Actions workflow that merges `main` into all open PR branches automatically on every push to `main`, eliminating manual "Update branch" clicks and reducing drift. - Skips `renovate[bot]` PRs - Catches update failures (e.g. merge conflicts) per-PR and logs them without failin
1685	2026-04-07T00:02:26Z	2026-04-10T18:07:51Z	Version Packages	This PR was opened by the [Changesets release](https://github.com/changesets/action) GitHub action. When you're ready to do a release, you can merge this and the packages will be published to npm automatically. If you're not ready to do a release yet, that's fine, whenever you add more changesets to
1684	2026-04-06T22:21:16Z	2026-04-06T23:02:09Z	Fix Tools.accepts() failing when Accept header has spaces after commas	`Tools.accepts()` incorrectly returned `false` for valid Accept headers like `"text/html, application/json"` because tokens weren't trimmed after splitting on `","`, leaving a leading space that broke the type comparison. ## Summary Single-char fix: `.trim()` each token before splitting on `"/"`. ``
1683	2026-04-06T22:21:04Z	2026-04-07T11:27:08Z	fix: Tools.accepts() case-insensitive accept header lookup	`Tools.accepts()` read `this.headers.Accept` (capital A), but Node.js normalizes all incoming HTTP header names to lowercase. In production, `this.headers.Accept` is always `undefined`, triggering the early-return guard and making `accepts()` unconditionally return `true`. ## Summary Replace the dir
1682	2026-04-06T22:20:52Z	2026-04-06T23:46:49Z	Fix: Dispatcher proxy() always throws when request body is present	`proxy()` in the Dispatcher was broken in two ways: `headers.contentType` (camelCase) was used instead of `headers["content-type"]` (kebab-case), causing the guard to always evaluate as `true`; and the guard itself unnecessarily restricted proxying to `application/json` requests only. ## Summary Rem
1681	2026-04-06T21:36:03Z	2026-04-07T00:01:14Z	chore(deps): update dependency eslint to v10.2.0	This PR contains the following updates: | Package | Change | [Age](https://docs.renovatebot.com/merge-confidence/) | [Confidence](https://docs.renovatebot.com/merge-confidence/) | |---|---|---|---| | [eslint](https://eslint.org) ([source](https://redirect.github.com/eslint/eslint)) | [`10.1.0` → `10
1675	2026-04-06T17:29:15Z	2026-04-08T16:01:48Z	fix(deps): update dependency ajv to v8	## Summary Upgrades `ajv` from `6.14.0` to `8.18.0` and fixes the TypeScript compilation errors introduced by the breaking API changes in AJV v8. <details> <summary>Original Prompt</summary> | Package | Change | Age | Confidence | |---|---|---|---| | [ajv](https://ajv.js.org) ([source](https://githu
1674	2026-04-06T16:33:50Z	2026-04-06T21:38:30Z	Version Packages	This PR was opened by the [Changesets release](https://github.com/changesets/action) GitHub action. When you're ready to do a release, you can merge this and the packages will be published to npm automatically. If you're not ready to do a release yet, that's fine, whenever you add more changesets to
1672	2026-04-06T12:57:44Z	2026-04-06T17:44:06Z	chore(deps): update actions/checkout action to v6	This PR contains the following updates: | Package | Type | Update | Change | |---|---|---|---| | [actions/checkout](https://redirect.github.com/actions/checkout) | action | major | `v4` → `v6` | --- ### Release Notes <details> <summary>actions/checkout (actions/checkout)</summary> ### [`v6`](https:/
1667	2026-04-06T11:54:35Z	2026-04-06T12:13:12Z	Add CI workflow to create GitHub issues from proposal files + update copilot-instructions.md	## Summary Replaces direct issue creation with a file-based proposal workflow: Copilot writes Markdown files, humans review them in PRs, and a GitHub Action converts them into real issues on merge (following the Changesets pattern). <details> <summary>Original Prompt</summary> ## Title Add CI workfl
1665	2026-04-06T01:24:27Z	2026-04-06T17:19:38Z	Improve error messages for malformed OpenAPI specs	## Summary A bad or partial OpenAPI document produced a raw JavaScript stack trace instead of a user-facing message. This replaces those stack traces with clear, actionable errors that include the spec path and the underlying cause. **Before:** ``` ResolverError: Error opening file /path/to/bad-spec
1659	2026-04-06T00:24:42Z		docs: instruct Copilot to follow TDD red/green/refactor cycle	## Summary Adds a TDD section to `.github/copilot-instructions.md` directing Copilot to follow the red/green/refactor cycle when writing code, with additional guidance on how the cycle maps onto AI agent workflows as test-guided development. <details> <summary>Original Prompt</summary> Update copilo
1657	2026-04-06T00:12:37Z	2026-04-06T18:36:39Z	refactor: split MiddlewareDetector and FileDiscovery helpers out of module-loader.ts	`module-loader.ts` handled file discovery, module importing, context/middleware detection, dependency graph queries, and Windows path escaping in a single ~305-line file. Splitting out the two most orthogonal concerns makes each piece independently testable and easier to reason about. ## Summary Ext
1655	2026-04-06T00:10:41Z	2026-04-06T00:47:01Z	Add unit tests for raw-http-client.ts and REPL completer logic	`raw-http-client.ts` had zero test coverage and the REPL completer was missing several edge-case tests. This PR adds comprehensive unit tests for both, bringing `raw-http-client.ts` to ~99% statement coverage and 100% function coverage. ## Summary - **`test/repl/raw-http-client.test.ts`** — expanded
1653	2026-04-06T00:08:25Z	2026-04-06T17:24:52Z	Add request validation against OpenAPI spec	## Summary Counterfact validated responses via generated types but did not validate incoming requests. This adds runtime request validation against the OpenAPI spec so developers catch client-side mistakes (missing required params, bad request bodies) during development. Validation is **on by defaul
1651	2026-04-05T23:59:15Z	2026-04-06T18:02:26Z	Bug Hunt: issue proposals documenting 3 bugs	Hunted for potential bugs and documented them as GitHub issue proposals. No fixes applied. ## Summary Three bugs identified across `tools.ts` and `dispatcher.ts`, each with a GitHub issue proposal under `.github/issue-proposals/` explaining the root cause and acceptance criteria. <details> <summary>
1648	2026-04-05T22:39:37Z		Add architecture report card documentation	## Summary Created an architecture report card outlining Counterfact's generator/server/REPL pipeline, grading key qualities, and listing focused recommendations. <details> <summary>Original Prompt</summary> Review the entire codebase and create an architecture report card in report-card.md </detail
1646	2026-04-04T13:07:01Z	2026-04-04T15:15:54Z	Apply codebase architecture improvements	## Summary Applies a set of targeted architecture improvements across the codebase, covering error handling, security, dependency management, test hygiene, documentation, and observability. <details> <summary>Original Prompt</summary> Reviewed the entire codebase and produced an architecture report 
1644	2026-04-04T12:21:55Z	2026-04-06T17:36:17Z	feat: Add JSDoc generation for types from OpenAPI metadata	- [x] Create `src/typescript-generator/jsdoc.ts` - utility to build JSDoc strings from OpenAPI metadata - [x] Add `jsdoc()` method to `Coder` base class and `jsdoc` field to `ExportStatement` - [x] Override `jsdoc()` in `SchemaTypeCoder` for schema-level JSDoc - [x] Modify `SchemaTypeCoder.objectSch
1640	2026-04-04T00:36:11Z	2026-04-04T00:50:54Z	Fix ESLint warnings with easy fixes	Fix the subset of ESLint warnings that have straightforward code-level solutions. Skipped warnings requiring complex refactoring (`security/detect-object-injection`, `security/detect-non-literal-fs-filename`, `security/detect-unsafe-regex`). ## Summary Four categories of warnings addressed across fo
1638	2026-04-03T22:53:00Z		Pass OpenAPI document to Context class constructor	## Summary The `Context` class in `_.context.ts` had no way to access the loaded OpenAPI document at construction time. This change passes it as `openApiDocument` in the constructor options object, alongside the existing `loadContext` and `readJson` helpers. When the OpenAPI spec changes on disk, th
1637	2026-04-03T20:48:18Z	2026-04-06T18:47:32Z	Add lightweight telemetry using PostHog (initial usage tracking)	## Summary Integrates PostHog telemetry into the CLI to answer "is anyone using this?" — fires a single `counterfact_started` event on startup, fire-and-forget, never blocks. <details> <summary>Original Prompt</summary> ## Summary We want to add minimal telemetry to understand how many people are ac
1633	2026-04-03T14:25:51Z	2026-04-03T14:36:12Z	Remove Stryker mutation testing	## Summary Stryker was failing in CI and no longer providing useful feedback. This removes it entirely. <details> <summary>Original Prompt</summary> It's failing and hasn't provided any useful feedback in a while. Remove it from CI. Remove the dependency and config as well. </details> ## Manual acce
1631	2026-04-03T14:05:09Z	2026-04-03T14:11:19Z	fix: remove extra blank line in module-loader.ts (Prettier error)	## Summary Fixes a Prettier formatting violation introduced in the syntax-error crash fix: a double blank line between `message` and `errorResponse` in `loadEndpoint`. <details> <summary>Original Prompt</summary> Reference: https://github.com/pmcelhaney/counterfact/pull/1624 run eslint --fix to fix 
1630	2026-04-03T13:32:03Z	2026-04-03T18:02:45Z	Convert remaining JavaScript source files to TypeScript	## Summary Converts all remaining `.js` files in `src/` and `test/` to TypeScript, completing the full TypeScript migration of the codebase. Adds proper types throughout — avoiding `any`/`unknown` where possible. <details> <summary>Original Prompt</summary> The code under server is still JavaScript.
1628	2026-04-03T00:32:00Z	2026-04-03T00:44:45Z	fix(deps): update dependency lodash to v4.18.1 [security]	This PR contains the following updates: | Package | Change | [Age](https://docs.renovatebot.com/merge-confidence/) | [Confidence](https://docs.renovatebot.com/merge-confidence/) | |---|---|---|---| | [lodash](https://lodash.com/) ([source](https://redirect.github.com/lodash/lodash)) | [`4.17.23` → `
1627	2026-04-03T00:25:03Z		[WIP] Fix formatting and linting issues in PR #1624	Thanks for asking me to work on this. I will get started on it and keep this PR's description up to date as I form a plan and make progress. <!-- START COPILOT ORIGINAL PROMPT --> <details> <summary>Original prompt</summary> > Resolve any lingering formatting and linting issues in pull request #1624
1626	2026-04-03T00:03:13Z	2026-04-03T00:31:00Z	Tell Copilot to run eslint --fix before committing	## Summary Adds a `lint:fix` script and updates Copilot instructions to run `eslint --fix` before every commit. <details> <summary>Original Prompt</summary> Before Copilot commits changes it should run eslint --fix. </details> ## Manual acceptance tests - [x] `yarn lint:fix` runs without error and a
1624	2026-04-02T22:35:27Z	2026-04-03T14:17:51Z	Fix: syntax error in a route file no longer crashes the server	A syntax error in a CommonJS route file would crash Counterfact via an unhandled promise rejection. `require()` throws synchronously on parse failure; the existing `.catch()` only handled promise rejections, so the error re-threw past `void loadEndpoint(...)`. ## Summary **Root cause:** `uncached-re
1622	2026-04-02T22:28:11Z	2026-04-03T00:17:21Z	Fix reserved keyword operationId causing TypeScript syntax errors	## Summary When an OpenAPI spec uses a JS/TS reserved keyword (e.g. `delete`, `import`, `type`) as an `operationId`, Counterfact emits invalid TypeScript like `import type { delete } from ...`, crashing with a `SyntaxError`. The fix appends `_` to any sanitized identifier that collides with a reserv
1621	2026-04-02T22:14:42Z	2026-04-03T00:06:43Z	Fix TypeError when response content has no schema	## Summary When a response content entry defines only `examples` (no `schema`), the TypeScript type generator crashes with `TypeError: Cannot read properties of undefined (reading 'data')` and emits a useless error-comment stub type instead of a valid type. **Root cause:** `SchemaTypeCoder` was cons
1620	2026-04-02T22:13:56Z	2026-04-02T23:33:19Z	Fix import path for routes containing colons (e.g. `/stuff:action`)	## Summary Routes with colons in their path (e.g. `/stuff:action`) caused the generated route handler to import from the wrong type file path, making `$` resolve to `any` instead of the correct typed parameter. **Root cause:** `repository.js` writes files to disk using `escapePathForWindows()`, whic
1616	2026-04-01T23:22:20Z	2026-04-02T00:27:44Z	Add runtime version check and display current version on startup	Users running via `npx` may silently execute a cached outdated version. This adds a visible version indicator at startup and a non-blocking background check against the npm registry. ## Summary **Runtime changes (`bin/counterfact.js`)** - Reads `version` from `package.json` and displays it in the st
1614	2026-04-01T21:23:41Z	2026-04-02T22:10:49Z	Fix crash when a route file is deleted	## Summary When a file deletion (`unlink`) was detected by chokidar, the watch handler removed the route from the registry but then fell through and called `loadEndpoint` on the now-gone file. The failed import returned `undefined`, and calling `isContextModule(undefined)` threw `TypeError: Cannot u
1612	2026-04-01T21:07:56Z	2026-04-01T21:24:18Z	Fix Access-Control-Allow-Methods to reflect actual route handler methods	## Summary `Access-Control-Allow-Methods` was hardcoded to `"GET,HEAD,PUT,POST,DELETE,PATCH"` for every route. It should reflect only the methods actually exported by the route handler, which the registry already tracks via `allowedMethods(path)`. <details> <summary>Original Prompt</summary> > This 
1611	2026-04-01T21:06:35Z	2026-04-03T13:38:56Z	Add ESLint rule to enforce kebab-case filenames	## Summary Adds a custom inline ESLint rule that enforces kebab-case naming for all `.ts`/`.js` files under `src/` and `test/`, renames the two existing violations, and merges the latest `main` changes. <details> <summary>Original Prompt</summary> Add a custom ESLint rule to enforce kebab-case filen
1609	2026-04-01T20:31:36Z	2026-04-02T22:44:09Z	fix: set Content-Type: application/json in RawHttpClient when body is an object	## Summary `RawHttpClient#send` serialized object bodies to JSON and set `Content-Length`, but never added `Content-Type: application/json`. Without it, `koa-bodyparser` can't identify the payload as JSON, falls through all content-type checks, and returns `{}` — making `$.body` always empty in rout
1607	2026-04-01T17:33:48Z		Add `.agent` REPL command with constrained DSL parser and interpreter	## Summary Implements the core infrastructure for Issue #1594 — a safe, eval-free `.agent` command in the Counterfact REPL that executes explicit `context` operations expressed in a constrained DSL. Two DSL forms are supported: - **Property assignment**: `context.<path> = <json-value>` - **Method ca
1606	2026-03-31T22:10:08Z	2026-04-03T17:57:28Z	Version Packages	This PR was opened by the [Changesets release](https://github.com/changesets/action) GitHub action. When you're ready to do a release, you can merge this and the packages will be published to npm automatically. If you're not ready to do a release yet, that's fine, whenever you add more changesets to
1605	2026-03-31T22:02:48Z	2026-03-31T22:09:01Z	fix(deps): update dependency koa to v3.2.0	This PR contains the following updates: | Package | Change | [Age](https://docs.renovatebot.com/merge-confidence/) | [Confidence](https://docs.renovatebot.com/merge-confidence/) | |---|---|---|---| | [koa](https://koajs.com) ([source](https://redirect.github.com/koajs/koa)) | [`3.1.2` → `3.2.0`](htt
1604	2026-03-31T11:18:14Z	2026-03-31T20:01:49Z	Replace withTemporaryFiles() with usingTemporaryFiles()	## Summary Removes the deprecated local `withTemporaryFiles()` helper and replaces all usages with `usingTemporaryFiles()` from the `using-temporary-files` devDependency. Pure test refactoring — no production code changes. **Before:** ```js await withTemporaryFiles(   { "routes/pet.ts": "export cons
1602	2026-03-30T23:34:25Z	2026-04-06T20:20:15Z	new request builder API for REPL with tab-completion	Introduces a fluent `route()` request builder in the REPL, fixes a TypeScript body-type mismatch in `RawHttpClient`, renames files to kebab-case, adds user-facing documentation, adds tab-completion for RouteBuilder methods, and merges upstream changes from `main`. ## Summary - Widened `RawHttpClient
1601	2026-03-30T22:03:35Z		refactor: introduce NormalizedPath branded type for path normalization	## Summary Replaces ad-hoc `.replaceAll("\\\\", "/")` calls throughout the codebase with a typed `normalizePath()` utility that returns a branded string type. ## Changes ### New file: `src/util/normalize-path.ts` ```ts declare const __brand: unique symbol; export type NormalizedPath = string & { [__br
1600	2026-03-30T21:59:41Z	2026-03-30T22:07:00Z	chore(deps): update dependency eslint to v10.1.0	This PR contains the following updates: | Package | Change | [Age](https://docs.renovatebot.com/merge-confidence/) | [Confidence](https://docs.renovatebot.com/merge-confidence/) | |---|---|---|---| | [eslint](https://eslint.org) ([source](https://redirect.github.com/eslint/eslint)) | [`10.0.3` → `10
1595	2026-03-28T01:50:50Z	2026-03-30T16:35:42Z	Add $.cookie for reading request cookies with strong typing	## Summary Adds a `cookie` plain object to the `$` request context, providing a clean, type-safe way to read cookies using property access syntax without manually parsing the `Cookie` header. The TypeScript generator strongly types `$.cookie` from the operation's cookie parameters defined in the Ope
1591	2026-03-27T19:04:40Z	2026-03-27T22:18:51Z	Fix REPL tab completion broken by custom completer overriding Node's built-in	The custom `client.<method>("...")` completer replaced Node's built-in REPL completer entirely, so `context.<Tab>` and all other built-in property completions stopped working. ## Summary The fix converts the completer to async and threads the built-in REPL completer through as a fallback: ```ts // B
1589	2026-03-27T18:44:50Z	2026-03-27T19:01:51Z	Add route autocomplete to REPL for client.<method>() patterns	## Summary REPL had no awareness of available routes, making endpoint discovery tedious. This adds Tab-completion for `client.get|post|put|patch|delete("...")` patterns, sourcing completions from `registry.routes`. ``` ⬣> client.get("/p<Tab> "/pets"  "/pets/{petId}" ``` **`src/repl/repl.ts`** - Expo
1582	2026-03-27T16:01:50Z	2026-03-27T16:09:47Z	chore(deps): update dependency eslint-plugin-jest to v29.15.1	This PR contains the following updates: | Package | Change | [Age](https://docs.renovatebot.com/merge-confidence/) | [Confidence](https://docs.renovatebot.com/merge-confidence/) | |---|---|---|---| | [eslint-plugin-jest](https://redirect.github.com/jest-community/eslint-plugin-jest) | [`29.15.0` → `
1581	2026-03-27T14:52:12Z	2026-03-27T15:07:07Z	Return 500 when `.example()` is called with a name not defined in the OpenAPI spec	`$.response[status].example(name)` silently returned `undefined` body with status 200 when the requested example name didn't exist in any content type — no error surfaced at all. ## Changes - **`src/server/response-builder.ts`**: After confirming `response.content` exists, check whether the requeste
1579	2026-03-27T14:38:39Z	2026-03-27T14:59:20Z	put eslint rules back	A couple of months ago while upgrading to ESLint 9 I inadvertently disabled most of the rules. 🙈 - **restored recommended lint rules** - **clean up lint errors related to importing prettier** - **fix some minor lint errors** - **cleaned up a few more lint errors** - **clean up remaining lint errors*
1578	2026-03-27T00:53:58Z	2026-03-27T01:01:09Z	fix(deps): update dependency handlebars to v4.7.9 [security]	This PR contains the following updates: | Package | Change | [Age](https://docs.renovatebot.com/merge-confidence/) | [Confidence](https://docs.renovatebot.com/merge-confidence/) | |---|---|---|---| | [handlebars](https://handlebarsjs.com/) ([source](https://redirect.github.com/handlebars-lang/handle
1577	2026-03-26T21:50:35Z	2026-03-26T21:54:19Z	chore(deps): update actions/setup-python action to v6	This PR contains the following updates: | Package | Type | Update | Change | |---|---|---|---| | [actions/setup-python](https://redirect.github.com/actions/setup-python) | action | major | `v5` → `v6` | --- ### Release Notes <details> <summary>actions/setup-python (actions/setup-python)</summary> ##
1576	2026-03-26T18:16:43Z	2026-03-30T19:05:02Z	fix(deps): update dependency typescript to v6	## Summary Updates `tsconfig.json` to be compatible with TypeScript 6, fixing a deprecated `moduleResolution` setting and adding an explicit `rootDir` required by the new compiler. <details> <summary>Original Prompt</summary> Renovate dependency update: bump `typescript` to v6. </details> ## Manual 
1575	2026-03-25T18:36:37Z	2026-03-25T18:43:36Z	chore(deps): update dependency @swc/core to v1.15.21	This PR contains the following updates: | Package | Change | [Age](https://docs.renovatebot.com/merge-confidence/) | [Confidence](https://docs.renovatebot.com/merge-confidence/) | |---|---|---|---| | [@swc/core](https://swc.rs) ([source](https://redirect.github.com/swc-project/swc/tree/HEAD/packages
1574	2026-03-25T13:28:39Z	2026-03-30T22:54:39Z	Version Packages	This PR was opened by the [Changesets release](https://github.com/changesets/action) GitHub action. When you're ready to do a release, you can merge this and the packages will be published to npm automatically. If you're not ready to do a release yet, that's fine, whenever you add more changesets to
1573	2026-03-25T02:09:35Z		Support multiple OpenAPI specs via multiple --spec flags	Adds support for mounting multiple OpenAPI specs on a single Counterfact server. Each spec is served at its own base path (extracted from `basePath` in OAS2 or `servers[0].url` in OAS3), with duplicate base paths rejected at startup. ## Usage ```sh counterfact --spec ./api/v1.yaml --spec ./api/v2.ya
1571	2026-03-25T02:01:09Z	2026-03-25T13:28:00Z	Fail fast on ambiguous wildcard paths: console error at load time, 500 at request time	- [x] Add `ambiguous?: boolean` to `Match` interface in `module-tree.ts` - [x] Update `addModuleToDirectory` to log a console error when adding a wildcard file creates ambiguity - [x] Update `putDirectory` to log a console error when adding a wildcard directory creates ambiguity - [x] Update `buildM
1570	2026-03-25T01:57:03Z		Add apiKey support (header, query, cookie) to generated operation types and $.auth	Counterfact ignores the OpenAPI `securitySchemes` object when generating types. This PR adds support for `apiKey` security schemes across all three in-locations (`header`, `query`, `cookie`), both in generated types and at runtime. ### Changes - **`OperationTypeCoder.writeCode()`** — refactored into
1569	2026-03-25T01:47:53Z	2026-03-27T15:59:54Z	Fix IfHasKey to use substring matching for content type keys	`MaybeShortcut` (and thus shortcuts like `.json()`) was unavailable when an OpenAPI spec used content types like `application/json; charset=utf-8` because `IfHasKey` required an exact key match. ## Changes - **`src/counterfact-types/index.ts`** — Changed `IfHasKey` from exact matching (`keyof SomeOb
1568	2026-03-23T21:18:25Z	2026-03-25T15:31:08Z	Break REPL out of `counterfact()` and expose as public API	`counterfact()` was tightly coupled to the REPL, making it impossible to use programmatically (e.g. from Playwright tests) without also spawning an interactive terminal session. ### Changes - **`src/app.ts`**: Removed REPL startup from `start()`. Added `startRepl()` to the `counterfact()` return val
1567	2026-03-23T20:27:33Z	2026-03-23T20:30:42Z	Fix broken middlware	The fix for root middleware ended up breaking everything. A little confusion around whether the root middleware is stored at "/" or "". It should be the latter. If we try to put a middleware at "/" it's pretty clear we meant the root, so that's now fixed automatically. 
1564	2026-03-23T01:08:32Z	2026-03-30T19:45:18Z	Add binary data support in mock responses	## Summary Adds first-class binary response support to Counterfact's mock response pipeline, aligning handler ergonomics and generated types with OpenAPI's binary response conventions (OAS3 `type: string, format: binary`, OAS2 `type: file`). Route handlers can now return binary data directly via a n
1563	2026-03-23T00:37:06Z	2026-03-23T01:00:08Z	Add `readJson()` utility to context constructors	Context files had no ergonomic way to load JSON fixtures — users were forced to use `require()` directly, a leaky abstraction from the CJS hot-reload layer. ## Changes - **`src/server/module-loader.ts`**: Passes a `readJson` function alongside `loadContext` when constructing `Context` instances. Pat
1561	2026-03-22T17:21:09Z	2026-03-26T20:42:21Z	Convert black-box tests from Jest/Node to Python	Migrates Counterfact's black-box integration tests from Jest/Node to Python/pytest to better validate the CLI/server behavior as an external process. ## Changes Made - **`test-black-box/openapi.yaml`** - Dedicated OpenAPI spec for the black-box test suite with three routes (`/ping`, `/items`, `/path
1559	2026-03-22T11:27:50Z	2026-03-23T00:03:38Z	Add --spec flag as alternative to positional OpenAPI argument	- [x] Add `--spec <path>` option to `bin/counterfact.js` CLI - [x] In `main()`, resolve spec source via `--spec`; shift first positional arg to destination when `--spec` is provided - [x] Fix `destinationPath` to use `nodePath.resolve()` (handles absolute paths correctly, e.g. from `usingTemporaryFi
1557	2026-03-22T03:01:56Z	2026-03-22T11:09:24Z	Add .github/copilot-instructions.md	Adds repository-level Copilot coding agent instructions as recommended by GitHub best practices. ### Contents of `.github/copilot-instructions.md` - **Project overview** — what Counterfact does, quick-start command - **Directory structure** — annotated map of `src/`, `bin/`, `test/` - **Tech stack**
1556	2026-03-21T20:56:09Z	2026-03-21T21:02:21Z	chore(deps): update dependency @types/koa to v3.0.2	This PR contains the following updates: | Package | Change | [Age](https://docs.renovatebot.com/merge-confidence/) | [Confidence](https://docs.renovatebot.com/merge-confidence/) | |---|---|---|---| | [@types/koa](https://redirect.github.com/DefinitelyTyped/DefinitelyTyped/tree/master/types/koa) ([so
1555	2026-03-20T17:14:00Z	2026-03-23T20:49:08Z	Version Packages	This PR was opened by the [Changesets release](https://github.com/changesets/action) GitHub action. When you're ready to do a release, you can merge this and the packages will be published to npm automatically. If you're not ready to do a release yet, that's fine, whenever you add more changesets to
1554	2026-03-20T11:47:05Z		Add API Testing GUI with Postman-like interface	Implements a browser-based API testing interface at `/counterfact/test-api` that's tightly integrated with Counterfact's unique features: per-endpoint proxy toggling, context state management, and direct links to route handler code. ## Implementation **New Vue.js 3 UI** (`src/client/api-tester.html.
1553	2026-03-20T11:44:20Z	2026-03-30T19:23:58Z	Support for external YAML files	Fixes Swagger UI resolver errors that occurred when an OpenAPI spec referenced schemas in external YAML files via `$ref` (e.g., `components/metrics.yaml#/components/schemas/MetricsResponse`). The `/counterfact/openapi` middleware now uses `@apidevtools/json-schema-ref-parser`'s `bundle()` to inline 
1551	2026-03-20T03:13:41Z	2026-03-20T11:43:47Z	Add per-directory READMEs and design principles doc	The codebase lacked inline documentation explaining how subsystems fit together. Each source directory now has a README, and a central design principles document captures the architectural intent. ## Design principles (`docs/development/design-principles.md`) - Formalises 8 guiding principles: least
1550	2026-03-20T03:12:45Z	2026-03-20T17:13:25Z	Add --prune option to remove defunct route files when OpenAPI spec changes	When an OpenAPI spec renames a path parameter (e.g., `{Name}` → `{nickname}`), both the old and new route files coexist, creating wildcard ambiguity in `ModuleTree` resolution. The `--prune` flag removes route files that no longer exist in the spec before generating new ones. ## Changes - **`src/typ
1549	2026-03-19T15:36:57Z	2026-03-20T12:26:19Z	Version Packages	This PR was opened by the [Changesets release](https://github.com/changesets/action) GitHub action. When you're ready to do a release, you can merge this and the packages will be published to npm automatically. If you're not ready to do a release yet, that's fine, whenever you add more changesets to
1548	2026-03-19T15:33:42Z	2026-03-19T15:40:30Z	chore(deps): update actions/github-script action to v8	This PR contains the following updates: | Package | Type | Update | Change | |---|---|---|---| | [actions/github-script](https://redirect.github.com/actions/github-script) | action | major | `v7` → `v8` | --- ### Release Notes <details> <summary>actions/github-script (actions/github-script)</summary
1547	2026-03-19T15:02:18Z	2026-03-19T15:31:47Z	feat: automatically create changesets for Renovate PRs	Renovate dependency update PRs were not generating changesets, so they were excluded from release notes. Adds `.github/workflows/renovate-changesets.yaml` that triggers on `pull_request_target` for `renovate[bot]` PRs and automatically commits a `patch` changeset to the PR branch. ## Key behaviors -
1546	2026-03-19T14:54:58Z	2026-03-19T15:03:45Z	Changeset for root middleware fix	
1545	2026-03-19T00:28:31Z	2026-03-19T15:36:16Z	Add strongly-typed `example(name)` method to response builder	- [x] Add `example(name)` runtime method to `src/server/response-builder.ts` - [x] Add `examples` field to `OpenApiResponse` interface in `src/counterfact-types/index.ts` - [x] Add `ExampleNames` type helper and export it from `src/counterfact-types/index.ts` - [x] Add `example` to `GenericResponseB
1544	2026-03-19T00:26:55Z	2026-03-22T11:20:19Z	Fill in required response headers in random()	- [x] Understand the codebase structure - [x] Update `OpenApiOperation` interface to include `headers` in response definitions - [x] Update `random()` function in `response-builder.ts` to fill in required headers - [x] Add tests for required headers in `random()` function - [x] Run tests to verify c
1540	2026-03-18T18:24:03Z	2026-03-18T22:32:26Z	Return HTTP 405 when path exists but method is not registered	Previously, any unmatched request returned 404 regardless of whether the URL path existed — making it impossible to distinguish "path not found" from "method not allowed". ## Changes - **`src/server/dispatcher.ts`**: Added an early-return 405 check in `request()` — if the path is registered but the 
1539	2026-03-18T18:05:13Z	2026-03-18T18:23:22Z	Add comprehensive type tests for counterfact-types and wire into CI	`counterfact-types` had only minimal type tests covering `OmitAll` and `IfHasKey`, with the `test:tsd` script not running in CI at all. ## Changes - **`test/server/types.test-d.ts`** — Added `tsd`-based type tests for all major exported types:   - `MaybePromise<T>` — accepts `T` and `Promise<T>`, re
1536	2026-03-13T23:56:14Z	2026-03-14T00:31:27Z	fix: pass CI automatically on docs-only PRs	The CI workflow's `paths-ignore: "**/*.md"` rule caused it to skip entirely on docs-only PRs. When a workflow never runs, GitHub leaves required status checks in "Pending" — permanently blocking the PR from merging. ## Change - Removed `paths-ignore` from `.github/workflows/ci.yaml` so the workflow 
1535	2026-03-13T10:14:15Z	2026-03-13T10:17:36Z	chore(deps): update dependency jest to v30.3.0	This PR contains the following updates: | Package | Change | [Age](https://docs.renovatebot.com/merge-confidence/) | [Confidence](https://docs.renovatebot.com/merge-confidence/) | |---|---|---|---| | [jest](https://jestjs.io/) ([source](https://redirect.github.com/jestjs/jest/tree/HEAD/packages/jest
1533	2026-03-10T16:38:59Z	2026-03-19T15:23:41Z	Version Packages	This PR was opened by the [Changesets release](https://github.com/changesets/action) GitHub action. When you're ready to do a release, you can merge this and the packages will be published to npm automatically. If you're not ready to do a release yet, that's fine, whenever you add more changesets to
1526	2026-03-10T05:51:58Z	2026-03-10T05:55:39Z	chore(deps): update dependency eslint to v9.39.4	This PR contains the following updates: | Package | Change | [Age](https://docs.renovatebot.com/merge-confidence/) | [Confidence](https://docs.renovatebot.com/merge-confidence/) | |---|---|---|---| | [eslint](https://eslint.org) ([source](https://redirect.github.com/eslint/eslint)) | [`9.39.3` → `9.
1525	2026-03-10T02:30:29Z	2026-03-10T16:38:20Z	Add JSON prettification middleware for HTTP responses	JSON responses from the server were returned as compact, unformatted strings, making them difficult to read directly. ## Changes - **`src/server/create-koa-app.ts`**: Adds a middleware (placed before `koaMiddleware`) that post-processes responses using Koa's onion model — calls `await next()` to let
1524	2026-03-10T01:24:04Z	2026-03-10T16:45:24Z	Fix root middleware not executed for any routes	Root-level `_.middleware.ts` (placed in the `routes/` folder) was silently skipped — it never ran for any route. The `recurse()` function in `registry.ts` walked path segments from deepest to root by stripping trailing segments, but bottomed out at `""` instead of `"/"`. Since the module-loader regi
1522	2026-03-06T21:34:21Z	2026-03-06T21:37:40Z	fix(deps): update dependency fs-extra to v11.3.4	This PR contains the following updates: | Package | Change | [Age](https://docs.renovatebot.com/merge-confidence/) | [Confidence](https://docs.renovatebot.com/merge-confidence/) | |---|---|---|---| | [fs-extra](https://redirect.github.com/jprichardson/node-fs-extra) | [`11.3.3` → `11.3.4`](https://r
1521	2026-03-06T13:43:09Z	2026-03-06T13:46:35Z	chore(deps): update dependency @changesets/cli to v2.30.0	This PR contains the following updates: | Package | Change | [Age](https://docs.renovatebot.com/merge-confidence/) | [Confidence](https://docs.renovatebot.com/merge-confidence/) | |---|---|---|---| | [@changesets/cli](https://redirect.github.com/changesets/changesets/tree/main#readme) ([source](http
1519	2026-03-04T10:45:18Z	2026-03-04T10:49:21Z	chore(deps): update dependency @swc/core to v1.15.18	This PR contains the following updates: | Package | Change | [Age](https://docs.renovatebot.com/merge-confidence/) | [Confidence](https://docs.renovatebot.com/merge-confidence/) | |---|---|---|---| | [@swc/core](https://swc.rs) ([source](https://redirect.github.com/swc-project/swc/tree/HEAD/packages
1518	2026-03-02T21:13:13Z	2026-03-02T21:16:39Z	chore(deps): update stryker-js monorepo to v9.6.0	This PR contains the following updates: | Package | Change | [Age](https://docs.renovatebot.com/merge-confidence/) | [Confidence](https://docs.renovatebot.com/merge-confidence/) | |---|---|---|---| | [@stryker-mutator/core](https://stryker-mutator.io/) ([source](https://redirect.github.com/stryker-m
1516	2026-03-02T16:41:12Z	2026-03-02T17:03:23Z	fix(operation-type-coder): sanitize operation ID before generating type	Attempts to fix an issue in `operation-type-coder` when using an OpenAPI `operationId` value as a TypeScript parameter name. Previously we used the `operationId` value verbatim which leads to TypeScript syntax errors when invalid TypeScript identifier characters were present.  This fix sanitizes the
1514	2026-03-02T09:50:39Z	2026-03-02T09:53:49Z	chore(deps): update dependency @swc/core to v1.15.17	This PR contains the following updates: | Package | Change | [Age](https://docs.renovatebot.com/merge-confidence/) | [Confidence](https://docs.renovatebot.com/merge-confidence/) | |---|---|---|---| | [@swc/core](https://swc.rs) ([source](https://redirect.github.com/swc-project/swc/tree/HEAD/packages
1513	2026-02-28T09:32:35Z	2026-02-28T09:36:01Z	fix(deps): update dependency koa to v3.1.2 [security]	This PR contains the following updates: | Package | Change | [Age](https://docs.renovatebot.com/merge-confidence/) | [Confidence](https://docs.renovatebot.com/merge-confidence/) | |---|---|---|---| | [koa](https://koajs.com) ([source](https://redirect.github.com/koajs/koa)) | [`3.1.1` → `3.1.2`](htt
1512	2026-02-26T20:53:14Z	2026-03-19T15:28:09Z	[Snyk] Security upgrade koa from 3.1.1 to 3.1.2	![snyk-top-banner](https://res.cloudinary.com/snyk/image/upload/r-d/scm-platform/snyk-pull-requests/pr-banner-default.svg) ### Snyk has created this PR to fix 1 vulnerabilities in the yarn dependencies of this project. #### Snyk changed the following file(s): - `package.json` - `yarn.lock` #### Note
1511	2026-02-26T17:24:30Z	2026-02-26T20:50:15Z	Version Packages	This PR was opened by the [Changesets release](https://github.com/changesets/action) GitHub action. When you're ready to do a release, you can merge this and the packages will be published to npm automatically. If you're not ready to do a release yet, that's fine, whenever you add more changesets to
1510	2026-02-26T16:40:20Z	2026-02-26T16:46:53Z	chore(deps): update dependency @swc/core to v1.15.13	This PR contains the following updates: | Package | Change | [Age](https://docs.renovatebot.com/merge-confidence/) | [Confidence](https://docs.renovatebot.com/merge-confidence/) | |---|---|---|---| | [@swc/core](https://swc.rs) ([source](https://redirect.github.com/swc-project/swc/tree/HEAD/packages
1509	2026-02-26T16:40:01Z	2026-02-26T16:43:21Z	fix: temporarily make Coveralls optional during outage	During the Coveralls outage we're making this optional
1508	2026-02-26T09:46:29Z	2026-02-26T09:50:08Z	chore(deps): update dependency @types/lodash to v4.17.24	This PR contains the following updates: | Package | Change | [Age](https://docs.renovatebot.com/merge-confidence/) | [Confidence](https://docs.renovatebot.com/merge-confidence/) | |---|---|---|---| | [@types/lodash](https://redirect.github.com/DefinitelyTyped/DefinitelyTyped/tree/master/types/lodash
1507	2026-02-25T17:30:35Z	2026-02-26T18:45:19Z	fix(schema-type-coder): fix incorrect required property type generation	Attempts to fix issue #1506 . The previous truthiness check for `isRequired` needs to be made more strict to avoid optional parameters being marked as required during type generation when they contain required sub properties. 
1504	2026-02-24T10:54:26Z	2026-03-30T20:05:25Z	fix(deps): update dependency json-schema-faker to v0.6.0	## Summary Updates `json-schema-faker` from v0.5.9 to v0.6.0 and migrates the codebase to the new API. v0.6.0 removes the `JSONSchemaFaker` static class in favour of named exports, and changes `generate()` to be async. <details> <summary>Original Prompt</summary> This PR updates `json-schema-faker` 
1503	2026-02-23T21:52:15Z	2026-02-23T21:55:49Z	chore(deps): update dependency eslint to v9.39.3	This PR contains the following updates: | Package | Change | [Age](https://docs.renovatebot.com/merge-confidence/) | [Confidence](https://docs.renovatebot.com/merge-confidence/) | |---|---|---|---| | [eslint](https://eslint.org) ([source](https://redirect.github.com/eslint/eslint)) | [`9.39.2` → `9.
1500	2026-02-22T20:42:37Z	2026-02-22T20:46:07Z	chore(deps): update dependency eslint-plugin-security to v4	This PR contains the following updates: | Package | Change | [Age](https://docs.renovatebot.com/merge-confidence/) | [Confidence](https://docs.renovatebot.com/merge-confidence/) | |---|---|---|---| | [eslint-plugin-security](https://redirect.github.com/eslint-community/eslint-plugin-security) | [`^3
1499	2026-02-19T09:10:30Z	2026-02-19T09:14:03Z	chore(deps): update dependency rimraf to v6.1.3	This PR contains the following updates: | Package | Change | [Age](https://docs.renovatebot.com/merge-confidence/) | [Confidence](https://docs.renovatebot.com/merge-confidence/) | |---|---|---|---| | [rimraf](https://redirect.github.com/isaacs/rimraf) | [`6.1.2` → `6.1.3`](https://renovatebot.com/di
1498	2026-02-19T00:30:19Z	2026-02-19T00:33:46Z	chore(deps): update dependency eslint-plugin-jest to v29.15.0	This PR contains the following updates: | Package | Change | [Age](https://docs.renovatebot.com/merge-confidence/) | [Confidence](https://docs.renovatebot.com/merge-confidence/) | |---|---|---|---| | [eslint-plugin-jest](https://redirect.github.com/jest-community/eslint-plugin-jest) | [`29.14.0` → `
1497	2026-02-18T15:43:57Z	2026-02-18T15:47:38Z	chore(deps): update dependency eslint-plugin-n to ^17.24.0	This PR contains the following updates: | Package | Change | [Age](https://docs.renovatebot.com/merge-confidence/) | [Confidence](https://docs.renovatebot.com/merge-confidence/) | |---|---|---|---| | [eslint-plugin-n](https://redirect.github.com/eslint-community/eslint-plugin-n) | [`^17.23.2` → `^17
1496	2026-02-16T00:55:52Z	2026-02-16T00:58:52Z	chore(deps): update dependency eslint-plugin-jest to v29.14.0	This PR contains the following updates: | Package | Change | [Age](https://docs.renovatebot.com/merge-confidence/) | [Confidence](https://docs.renovatebot.com/merge-confidence/) | |---|---|---|---| | [eslint-plugin-jest](https://redirect.github.com/jest-community/eslint-plugin-jest) | [`29.13.0` → `
1495	2026-02-12T20:00:45Z	2026-02-12T20:04:36Z	chore(deps): update dependency eslint-plugin-unused-imports to v4.4.1	This PR contains the following updates: | Package | Change | [Age](https://docs.renovatebot.com/merge-confidence/) | [Confidence](https://docs.renovatebot.com/merge-confidence/) | |---|---|---|---| | [eslint-plugin-unused-imports](https://redirect.github.com/sweepline/eslint-plugin-unused-imports) |
1494	2026-02-12T00:57:23Z	2026-02-12T01:00:49Z	chore(deps): update dependency eslint-plugin-jest to v29.13.0	This PR contains the following updates: | Package | Change | [Age](https://docs.renovatebot.com/merge-confidence/) | [Confidence](https://docs.renovatebot.com/merge-confidence/) | |---|---|---|---| | [eslint-plugin-jest](https://redirect.github.com/jest-community/eslint-plugin-jest) | [`29.12.2` → `
1493	2026-02-10T05:00:19Z	2026-03-30T21:56:44Z	chore(deps): update dependency eslint to v10	## Summary Upgrades ESLint from v9 to v10 and resolves all compatibility issues with the existing plugin ecosystem. <details> <summary>Original Prompt</summary> Renovate bot dependency update: `eslint` `9.39.4` → `10.0.3` </details> ## Manual acceptance tests - [ ] Running `yarn lint` completes with
1492	2026-02-06T12:37:54Z	2026-02-06T12:41:09Z	chore(deps): update dependency eslint-plugin-jest to v29.12.2	This PR contains the following updates: | Package | Change | [Age](https://docs.renovatebot.com/merge-confidence/) | [Confidence](https://docs.renovatebot.com/merge-confidence/) | |---|---|---|---| | [eslint-plugin-jest](https://redirect.github.com/jest-community/eslint-plugin-jest) | [`29.12.1` → `
1491	2026-02-05T21:12:03Z	2026-02-05T21:15:29Z	chore(deps): update stryker-js monorepo to v9.5.1	This PR contains the following updates: | Package | Change | [Age](https://docs.renovatebot.com/merge-confidence/) | [Confidence](https://docs.renovatebot.com/merge-confidence/) | |---|---|---|---| | [@stryker-mutator/core](https://stryker-mutator.io/) ([source](https://redirect.github.com/stryker-m
1490	2026-02-03T08:42:24Z	2026-02-06T02:25:13Z	fix(deps): update dependency commander to v14.0.3	This PR contains the following updates: | Package | Change | [Age](https://docs.renovatebot.com/merge-confidence/) | [Confidence](https://docs.renovatebot.com/merge-confidence/) | |---|---|---|---| | [commander](https://redirect.github.com/tj/commander.js) | [`14.0.2` → `14.0.3`](https://renovatebot
1489	2026-02-02T23:35:43Z	2026-02-02T23:39:23Z	chore(deps): update stryker-js monorepo to v9.5.0	This PR contains the following updates: | Package | Change | [Age](https://docs.renovatebot.com/merge-confidence/) | [Confidence](https://docs.renovatebot.com/merge-confidence/) | |---|---|---|---| | [@stryker-mutator/core](https://stryker-mutator.io/) ([source](https://redirect.github.com/stryker-m
1488	2026-01-31T05:23:53Z	2026-01-31T05:27:23Z	chore(deps): update dependency @swc/core to v1.15.11	This PR contains the following updates: | Package | Change | [Age](https://docs.renovatebot.com/merge-confidence/) | [Confidence](https://docs.renovatebot.com/merge-confidence/) | |---|---|---|---| | [@swc/core](https://swc.rs) ([source](https://redirect.github.com/swc-project/swc/tree/HEAD/packages
1487	2026-01-25T14:06:50Z	2026-01-25T14:10:38Z	chore(deps): update dependency eslint-plugin-regexp to v3	This PR contains the following updates: | Package | Change | [Age](https://docs.renovatebot.com/merge-confidence/) | [Confidence](https://docs.renovatebot.com/merge-confidence/) | |---|---|---|---| | [eslint-plugin-regexp](https://redirect.github.com/ota-meshi/eslint-plugin-regexp) | [`^2.10.0` → `^
1486	2026-01-25T00:39:32Z	2026-01-25T00:43:08Z	fix(deps): update dependency prettier to v3.8.1	This PR contains the following updates: | Package | Change | [Age](https://docs.renovatebot.com/merge-confidence/) | [Confidence](https://docs.renovatebot.com/merge-confidence/) | |---|---|---|---| | [prettier](https://prettier.io) ([source](https://redirect.github.com/prettier/prettier)) | [`3.8.0`
1485	2026-01-22T20:46:51Z	2026-01-22T20:50:41Z	chore(deps): update dependency @swc/core to v1.15.10	This PR contains the following updates: | Package | Change | [Age](https://docs.renovatebot.com/merge-confidence/) | [Confidence](https://docs.renovatebot.com/merge-confidence/) | |---|---|---|---| | [@swc/core](https://swc.rs) ([source](https://redirect.github.com/swc-project/swc)) | [`1.15.8` → `1
1484	2026-01-22T04:52:18Z	2026-01-22T04:56:57Z	fix(deps): update dependency lodash to v4.17.23 [security]	This PR contains the following updates: | Package | Change | [Age](https://docs.renovatebot.com/merge-confidence/) | [Confidence](https://docs.renovatebot.com/merge-confidence/) | |---|---|---|---| | [lodash](https://lodash.com/) ([source](https://redirect.github.com/lodash/lodash)) | [`4.17.21` → `
1483	2026-01-20T19:39:28Z	2026-01-20T20:00:39Z	add a $.delay() function, resolves #720	resolves #720 
1482	2026-01-20T18:07:10Z	2026-01-20T19:51:10Z	make operation methods like GET() and POST() async	```ts export const GET: HTTP_GET = ($) => { ``` should be ```ts export const GET: HTTP_GET = async ($) => { ``` Not sure if this was a regression at one point or what, but these methods should have always been async.  
1479	2026-01-18T04:55:10Z	2026-01-18T04:58:39Z	fix(deps): update dependency prettier to v3.8.0	This PR contains the following updates: | Package | Change | [Age](https://docs.renovatebot.com/merge-confidence/) | [Confidence](https://docs.renovatebot.com/merge-confidence/) | |---|---|---|---| | [prettier](https://prettier.io) ([source](https://redirect.github.com/prettier/prettier)) | [`3.7.4`
1478	2026-01-17T17:29:25Z	2026-01-17T17:32:43Z	chore(deps): update dependency eslint-plugin-prettier to v5.5.5	This PR contains the following updates: | Package | Change | [Age](https://docs.renovatebot.com/merge-confidence/) | [Confidence](https://docs.renovatebot.com/merge-confidence/) | |---|---|---|---| | [eslint-plugin-prettier](https://redirect.github.com/prettier/eslint-plugin-prettier) | [`5.5.4` → `
1471	2026-01-13T18:09:13Z	2026-01-13T18:17:59Z	chore(deps): update dependency @types/lodash to v4.17.23	This PR contains the following updates: | Package | Change | [Age](https://docs.renovatebot.com/merge-confidence/) | [Confidence](https://docs.renovatebot.com/merge-confidence/) | |---|---|---|---| | [@types/lodash](https://redirect.github.com/DefinitelyTyped/DefinitelyTyped/tree/master/types/lodash
1470	2026-01-13T17:14:50Z	2026-01-13T18:11:16Z	fix typescript errors	- **minor type fix in response-builder-factory.ts** - **revert change in #1372 which broke type shortcuts like .json(), .html(), etc.** 
1467	2026-01-09T19:59:41Z	2026-01-09T20:06:18Z	Bump qs from 6.13.0 to 6.14.1	Bumps [qs](https://github.com/ljharb/qs) from 6.13.0 to 6.14.1. <details> <summary>Changelog</summary> <p><em>Sourced from <a href="https://github.com/ljharb/qs/blob/main/CHANGELOG.md">qs's changelog</a>.</em></p> <blockquote> <h2><strong>6.14.1</strong></h2> <ul> <li>[Fix] ensure arrayLength applie
1465	2026-01-09T18:57:57Z	2026-01-09T19:06:31Z	fix: Update js-yaml to fix security alert	Sets resolutions to js-yaml 4.1.1 to get past security alert
1464	2026-01-09T13:09:39Z	2026-01-09T13:13:58Z	chore(deps): update dependency supertest to v7.2.2	This PR contains the following updates: | Package | Change | [Age](https://docs.renovatebot.com/merge-confidence/) | [Confidence](https://docs.renovatebot.com/merge-confidence/) | |---|---|---|---| | [supertest](https://redirect.github.com/ladjs/supertest) | [`7.1.4` → `7.2.2`](https://renovatebot.c
1462	2026-01-03T04:56:12Z	2026-01-05T21:48:31Z	chore(deps): update dependency eslint-plugin-jest to v29.12.1	This PR contains the following updates: | Package | Change | [Age](https://docs.renovatebot.com/merge-confidence/) | [Confidence](https://docs.renovatebot.com/merge-confidence/) | |---|---|---|---| | [eslint-plugin-jest](https://redirect.github.com/jest-community/eslint-plugin-jest) | [`29.11.2` → `
1461	2026-01-02T12:53:39Z	2026-01-02T12:58:08Z	chore(deps): update dependency @swc/core to v1.15.8	This PR contains the following updates: | Package | Change | [Age](https://docs.renovatebot.com/merge-confidence/) | [Confidence](https://docs.renovatebot.com/merge-confidence/) | |---|---|---|---| | [@swc/core](https://swc.rs) ([source](https://redirect.github.com/swc-project/swc)) | [`1.15.7` → `1
1460	2026-01-02T05:05:48Z	2026-01-02T05:10:36Z	chore(deps): update dependency eslint-plugin-jest to v29.11.2	This PR contains the following updates: | Package | Change | [Age](https://docs.renovatebot.com/merge-confidence/) | [Confidence](https://docs.renovatebot.com/merge-confidence/) | |---|---|---|---| | [eslint-plugin-jest](https://redirect.github.com/jest-community/eslint-plugin-jest) | [`29.11.1` → `
1459	2026-01-01T09:10:35Z	2026-01-01T09:15:30Z	chore(deps): update dependency eslint-plugin-jest to v29.11.1	This PR contains the following updates: | Package | Change | [Age](https://docs.renovatebot.com/merge-confidence/) | [Confidence](https://docs.renovatebot.com/merge-confidence/) | |---|---|---|---| | [eslint-plugin-jest](https://redirect.github.com/jest-community/eslint-plugin-jest) | [`29.11.0` → `
1458	2025-12-27T00:46:16Z	2025-12-27T00:50:55Z	chore(deps): update dependency eslint-plugin-jest to v29.11.0	This PR contains the following updates: | Package | Change | [Age](https://docs.renovatebot.com/merge-confidence/) | [Confidence](https://docs.renovatebot.com/merge-confidence/) | |---|---|---|---| | [eslint-plugin-jest](https://redirect.github.com/jest-community/eslint-plugin-jest) | [`29.10.1` -> 
1457	2025-12-26T04:25:34Z	2025-12-26T04:29:47Z	chore(deps): update dependency eslint-plugin-jest to v29.10.1	This PR contains the following updates: | Package | Change | [Age](https://docs.renovatebot.com/merge-confidence/) | [Confidence](https://docs.renovatebot.com/merge-confidence/) | |---|---|---|---| | [eslint-plugin-jest](https://redirect.github.com/jest-community/eslint-plugin-jest) | [`29.9.0` -> `
1456	2025-12-25T08:23:48Z	2025-12-25T08:28:16Z	chore(deps): update dependency eslint-plugin-jest to v29.9.0	This PR contains the following updates: | Package | Change | [Age](https://docs.renovatebot.com/merge-confidence/) | [Confidence](https://docs.renovatebot.com/merge-confidence/) | |---|---|---|---| | [eslint-plugin-jest](https://redirect.github.com/jest-community/eslint-plugin-jest) | [`29.5.0` -> `
1455	2025-12-21T21:36:42Z	2025-12-22T01:40:24Z	fix(deps): update dependency fs-extra to v11.3.3	This PR contains the following updates: | Package | Change | [Age](https://docs.renovatebot.com/merge-confidence/) | [Confidence](https://docs.renovatebot.com/merge-confidence/) | |---|---|---|---| | [fs-extra](https://redirect.github.com/jprichardson/node-fs-extra) | [`11.3.2` -> `11.3.3`](https://
1454	2025-12-21T21:36:37Z	2025-12-21T21:41:11Z	chore(deps): update dependency @swc/core to v1.15.7	This PR contains the following updates: | Package | Change | [Age](https://docs.renovatebot.com/merge-confidence/) | [Confidence](https://docs.renovatebot.com/merge-confidence/) | |---|---|---|---| | [@swc/core](https://swc.rs) ([source](https://redirect.github.com/swc-project/swc)) | [`1.15.6` -> `
1453	2025-12-21T10:11:23Z	2025-12-21T10:16:26Z	chore(deps): update dependency @swc/core to v1.15.6	This PR contains the following updates: | Package | Change | [Age](https://docs.renovatebot.com/merge-confidence/) | [Confidence](https://docs.renovatebot.com/merge-confidence/) | |---|---|---|---| | [@swc/core](https://swc.rs) ([source](https://redirect.github.com/swc-project/swc)) | [`1.15.5` -> `
1452	2025-12-18T17:48:14Z	2025-12-18T17:53:03Z	chore(deps): update dependency @swc/core to v1.15.5	This PR contains the following updates: | Package | Change | [Age](https://docs.renovatebot.com/merge-confidence/) | [Confidence](https://docs.renovatebot.com/merge-confidence/) | |---|---|---|---| | [@swc/core](https://swc.rs) ([source](https://redirect.github.com/swc-project/swc)) | [`1.15.4` -> `
1451	2025-12-17T22:05:45Z	2025-12-17T22:11:07Z	chore(deps): update dependency eslint-plugin-jest to v29.5.0	This PR contains the following updates: | Package | Change | [Age](https://docs.renovatebot.com/merge-confidence/) | [Confidence](https://docs.renovatebot.com/merge-confidence/) | |---|---|---|---| | [eslint-plugin-jest](https://redirect.github.com/jest-community/eslint-plugin-jest) | [`29.4.0` -> `
1450	2025-12-17T06:25:17Z	2025-12-17T06:29:50Z	chore(deps): update dependency eslint-plugin-jest to v29.4.0	This PR contains the following updates: | Package | Change | [Age](https://docs.renovatebot.com/merge-confidence/) | [Confidence](https://docs.renovatebot.com/merge-confidence/) | |---|---|---|---| | [eslint-plugin-jest](https://redirect.github.com/jest-community/eslint-plugin-jest) | [`29.2.2` -> `
1449	2025-12-16T16:59:52Z	2025-12-16T17:05:19Z	chore(deps): update dependency @swc/core to v1.15.4	This PR contains the following updates: | Package | Change | [Age](https://docs.renovatebot.com/merge-confidence/) | [Confidence](https://docs.renovatebot.com/merge-confidence/) | |---|---|---|---| | [@swc/core](https://swc.rs) ([source](https://redirect.github.com/swc-project/swc)) | [`1.15.3` -> `
1448	2025-12-16T09:26:05Z	2025-12-16T09:30:45Z	chore(deps): update dependency eslint-plugin-jest to v29.2.2	This PR contains the following updates: | Package | Change | [Age](https://docs.renovatebot.com/merge-confidence/) | [Confidence](https://docs.renovatebot.com/merge-confidence/) | |---|---|---|---| | [eslint-plugin-jest](https://redirect.github.com/jest-community/eslint-plugin-jest) | [`29.2.1` -> `
1447	2025-12-16T01:06:26Z	2025-12-16T01:11:01Z	chore(deps): update actions/cache action to v5	This PR contains the following updates: | Package | Type | Update | Change | |---|---|---|---| | [actions/cache](https://redirect.github.com/actions/cache) | action | major | `v4` -> `v5` | --- ### Release Notes <details> <summary>actions/cache (actions/cache)</summary> ### [`v5`](https://redirect.g
1446	2025-12-07T18:28:52Z	2025-12-07T18:33:26Z	fix(deps): update dependency jsonwebtoken to v9.0.3	This PR contains the following updates: | Package | Change | [Age](https://docs.renovatebot.com/merge-confidence/) | [Confidence](https://docs.renovatebot.com/merge-confidence/) | |---|---|---|---| | [jsonwebtoken](https://redirect.github.com/auth0/node-jsonwebtoken) | [`9.0.2` -> `9.0.3`](https://r
1445	2025-12-06T08:33:59Z	2025-12-06T08:38:12Z	fix(deps): update dependency prettier to v3.7.4	This PR contains the following updates: | Package | Change | [Age](https://docs.renovatebot.com/merge-confidence/) | [Confidence](https://docs.renovatebot.com/merge-confidence/) | |---|---|---|---| | [prettier](https://prettier.io) ([source](https://redirect.github.com/prettier/prettier)) | [`3.7.3`
1444	2025-12-02T21:50:14Z	2025-12-02T21:54:54Z	fix(deps): update dependency prettier to v3.7.3	This PR contains the following updates: | Package | Change | Age | Confidence | |---|---|---|---| | [prettier](https://prettier.io) ([source](https://redirect.github.com/prettier/prettier)) | [`3.7.2` -> `3.7.3`](https://renovatebot.com/diffs/npm/prettier/3.7.2/3.7.3) | [![age](https://developer.men
1443	2025-12-02T06:08:42Z	2025-12-02T06:13:30Z	fix(deps): update dependency prettier to v3.7.2	This PR contains the following updates: | Package | Change | Age | Confidence | |---|---|---|---| | [prettier](https://prettier.io) ([source](https://redirect.github.com/prettier/prettier)) | [`3.7.1` -> `3.7.2`](https://renovatebot.com/diffs/npm/prettier/3.7.1/3.7.2) | [![age](https://developer.men
1442	2025-11-30T22:38:13Z	2025-11-30T22:42:58Z	chore(deps): update dependency @changesets/cli to v2.29.8	This PR contains the following updates: | Package | Change | Age | Confidence | |---|---|---|---| | [@changesets/cli](https://redirect.github.com/changesets/changesets/tree/main#readme) ([source](https://redirect.github.com/changesets/changesets)) | [`2.29.7` -> `2.29.8`](https://renovatebot.com/dif
1441	2025-11-30T16:54:38Z	2025-11-30T16:58:58Z	fix(deps): update dependency prettier to v3.7.1	This PR contains the following updates: | Package | Change | Age | Confidence | |---|---|---|---| | [prettier](https://prettier.io) ([source](https://redirect.github.com/prettier/prettier)) | [`3.6.2` -> `3.7.1`](https://renovatebot.com/diffs/npm/prettier/3.6.2/3.7.1) | [![age](https://developer.men
1440	2025-11-29T05:33:48Z	2025-11-29T05:39:23Z	fix(deps): update dependency chokidar to v5	This PR contains the following updates: | Package | Change | Age | Confidence | |---|---|---|---| | [chokidar](https://redirect.github.com/paulmillr/chokidar) | [`4.0.3` -> `5.0.0`](https://renovatebot.com/diffs/npm/chokidar/4.0.3/5.0.0) | [![age](https://developer.mend.io/api/mc/badges/age/npm/chok
1439	2025-11-27T03:33:06Z	2025-11-27T03:37:27Z	chore(deps): update stryker-js monorepo to v9.4.0	This PR contains the following updates: | Package | Change | Age | Confidence | |---|---|---|---| | [@stryker-mutator/core](https://stryker-mutator.io/) ([source](https://redirect.github.com/stryker-mutator/stryker-js/tree/HEAD/packages/core)) | [`9.3.0` -> `9.4.0`](https://renovatebot.com/diffs/npm
1438	2025-11-26T20:58:21Z	2025-11-26T21:03:09Z	chore(deps): update dependency eslint-plugin-jest to v29.2.1	This PR contains the following updates: | Package | Change | Age | Confidence | |---|---|---|---| | [eslint-plugin-jest](https://redirect.github.com/jest-community/eslint-plugin-jest) | [`29.2.0` -> `29.2.1`](https://renovatebot.com/diffs/npm/eslint-plugin-jest/29.2.0/29.2.1) | [![age](https://devel
1437	2025-11-25T21:12:27Z	2025-11-25T21:16:53Z	chore(deps): update dependency @types/lodash to v4.17.21	This PR contains the following updates: | Package | Change | Age | Confidence | |---|---|---|---| | [@types/lodash](https://redirect.github.com/DefinitelyTyped/DefinitelyTyped/tree/master/types/lodash) ([source](https://redirect.github.com/DefinitelyTyped/DefinitelyTyped/tree/HEAD/types/lodash)) | [
1436	2025-11-24T05:52:58Z	2025-11-25T21:23:38Z	chore(deps): update dependency @swc/core to v1.15.3	This PR contains the following updates: | Package | Change | Age | Confidence | |---|---|---|---| | [@swc/core](https://swc.rs) ([source](https://redirect.github.com/swc-project/swc)) | [`1.15.2` -> `1.15.3`](https://renovatebot.com/diffs/npm/@swc%2fcore/1.15.2/1.15.3) | [![age](https://developer.me
1435	2025-11-24T01:44:56Z	2025-11-24T01:49:34Z	chore(deps): update dependency eslint-plugin-jest to v29.2.0	This PR contains the following updates: | Package | Change | Age | Confidence | |---|---|---|---| | [eslint-plugin-jest](https://redirect.github.com/jest-community/eslint-plugin-jest) | [`29.1.0` -> `29.2.0`](https://renovatebot.com/diffs/npm/eslint-plugin-jest/29.1.0/29.2.0) | [![age](https://devel
1434	2025-11-23T20:26:59Z	2025-11-23T20:31:22Z	chore(deps): update actions/checkout action to v6	This PR contains the following updates: | Package | Type | Update | Change | |---|---|---|---| | [actions/checkout](https://redirect.github.com/actions/checkout) | action | major | `v5` -> `v6` | --- ### Release Notes <details> <summary>actions/checkout (actions/checkout)</summary> ### [`v6`](https:
1433	2025-11-22T22:13:24Z	2025-11-22T22:17:58Z	chore(deps): update dependency rimraf to v6.1.2	This PR contains the following updates: | Package | Change | Age | Confidence | |---|---|---|---| | [rimraf](https://redirect.github.com/isaacs/rimraf) | [`6.1.0` -> `6.1.2`](https://renovatebot.com/diffs/npm/rimraf/6.1.0/6.1.2) | [![age](https://developer.mend.io/api/mc/badges/age/npm/rimraf/6.1.2?
1432	2025-11-18T10:33:06Z	2025-11-18T10:38:22Z	fix(deps): update dependency open to v11	This PR contains the following updates: | Package | Change | Age | Confidence | |---|---|---|---| | [open](https://redirect.github.com/sindresorhus/open) | [`10.2.0` -> `11.0.0`](https://renovatebot.com/diffs/npm/open/10.2.0/11.0.0) | [![age](https://developer.mend.io/api/mc/badges/age/npm/open/11.0
1431	2025-11-18T10:31:52Z	2025-12-04T01:48:33Z	[Snyk] Upgrade koa from 3.0.3 to 3.1.1	![snyk-top-banner](https://res.cloudinary.com/snyk/image/upload/r-d/scm-platform/snyk-pull-requests/pr-banner-default.svg) <h3>Snyk has created this PR to upgrade koa from 3.0.3 to 3.1.1.</h3> :information_source: Keep your dependencies up-to-date. This makes it easier to fix existing vulnerabilitie
1430	2025-11-18T08:56:28Z	2025-11-18T09:01:13Z	chore(deps): update dependency @swc/core to v1.15.2	This PR contains the following updates: | Package | Change | Age | Confidence | |---|---|---|---| | [@swc/core](https://swc.rs) ([source](https://redirect.github.com/swc-project/swc)) | [`1.15.1` -> `1.15.2`](https://renovatebot.com/diffs/npm/@swc%2fcore/1.15.1/1.15.2) | [![age](https://developer.me
1429	2025-11-15T10:06:29Z	2026-05-05T01:56:04Z	fix(deps): update dependency @apidevtools/json-schema-ref-parser to v15	## Summary Upgrades `@apidevtools/json-schema-ref-parser` from `13.0.5` to `15.1.3` and fixes two breaking changes introduced by v15: 1. **Localhost/internal URL blocking**: v15 added a security fix that blocks HTTP requests to internal/localhost URLs by default (`safeUrlResolver: true`). Counterfac
1428	2025-11-14T22:48:04Z	2025-11-14T22:53:03Z	fix(deps): update dependency js-yaml to v4.1.1 [security]	This PR contains the following updates: | Package | Change | Age | Confidence | |---|---|---|---| | [js-yaml](https://redirect.github.com/nodeca/js-yaml) | [`4.1.0` -> `4.1.1`](https://renovatebot.com/diffs/npm/js-yaml/4.1.0/4.1.1) | [![age](https://developer.mend.io/api/mc/badges/age/npm/js-yaml/4.
1427	2025-11-14T06:59:03Z	2025-11-14T07:03:21Z	chore(deps): update dependency eslint-plugin-jest to v29.1.0	This PR contains the following updates: | Package | Change | Age | Confidence | |---|---|---|---| | [eslint-plugin-jest](https://redirect.github.com/jest-community/eslint-plugin-jest) | [`29.0.1` -> `29.1.0`](https://renovatebot.com/diffs/npm/eslint-plugin-jest/29.0.1/29.1.0) | [![age](https://devel
1426	2025-11-11T22:10:57Z	2025-11-11T22:15:29Z	chore(deps): update dependency @swc/core to v1.15.1	This PR contains the following updates: | Package | Change | Age | Confidence | |---|---|---|---| | [@swc/core](https://swc.rs) ([source](https://redirect.github.com/swc-project/swc)) | [`1.15.0` -> `1.15.1`](https://renovatebot.com/diffs/npm/@swc%2fcore/1.15.0/1.15.1) | [![age](https://developer.me
1425	2025-11-07T10:13:53Z	2025-11-07T10:18:28Z	chore(deps): update dependency @swc/core to v1.15.0	This PR contains the following updates: | Package | Change | Age | Confidence | |---|---|---|---| | [@swc/core](https://swc.rs) ([source](https://redirect.github.com/swc-project/swc)) | [`1.14.0` -> `1.15.0`](https://renovatebot.com/diffs/npm/@swc%2fcore/1.14.0/1.15.0) | [![age](https://developer.me
1423	2025-11-03T01:55:47Z	2025-11-03T02:00:36Z	chore(deps): update dependency rimraf to v6.1.0	This PR contains the following updates: | Package | Change | Age | Confidence | |---|---|---|---| | [rimraf](https://redirect.github.com/isaacs/rimraf) | [`6.0.1` -> `6.1.0`](https://renovatebot.com/diffs/npm/rimraf/6.0.1/6.1.0) | [![age](https://developer.mend.io/api/mc/badges/age/npm/rimraf/6.1.0?
1422	2025-11-01T18:10:28Z	2025-11-01T18:15:35Z	chore(deps): update dependency @swc/core to v1.14.0	This PR contains the following updates: | Package | Change | Age | Confidence | |---|---|---|---| | [@swc/core](https://swc.rs) ([source](https://redirect.github.com/swc-project/swc)) | [`1.13.21` -> `1.14.0`](https://renovatebot.com/diffs/npm/@swc%2fcore/1.13.21/1.14.0) | [![age](https://developer.
1421	2025-11-01T02:52:19Z	2025-11-01T02:57:24Z	chore(deps): update stryker-js monorepo to v9.3.0	This PR contains the following updates: | Package | Change | Age | Confidence | |---|---|---|---| | [@stryker-mutator/core](https://stryker-mutator.io/) ([source](https://redirect.github.com/stryker-mutator/stryker-js/tree/HEAD/packages/core)) | [`9.2.0` -> `9.3.0`](https://renovatebot.com/diffs/npm
1420	2025-10-28T23:30:34Z	2025-10-28T23:35:24Z	fix(deps): update dependency commander to v14.0.2	This PR contains the following updates: | Package | Change | Age | Confidence | |---|---|---|---| | [commander](https://redirect.github.com/tj/commander.js) | [`14.0.1` -> `14.0.2`](https://renovatebot.com/diffs/npm/commander/14.0.1/14.0.2) | [![age](https://developer.mend.io/api/mc/badges/age/npm/c
1419	2025-10-27T16:50:28Z	2025-10-27T16:55:52Z	chore(deps): update dependency @swc/core to v1.13.21	This PR contains the following updates: | Package | Change | Age | Confidence | |---|---|---|---| | [@swc/core](https://swc.rs) ([source](https://redirect.github.com/swc-project/swc)) | [`1.13.20` -> `1.13.21`](https://renovatebot.com/diffs/npm/@swc%2fcore/1.13.20/1.13.21) | [![age](https://develope
1418	2025-10-27T11:35:15Z	2025-10-27T11:40:06Z	chore(deps): update dependency @types/koa-proxy to v1.0.8	This PR contains the following updates: | Package | Change | Age | Confidence | |---|---|---|---| | [@types/koa-proxy](https://redirect.github.com/DefinitelyTyped/DefinitelyTyped/tree/master/types/koa-proxy) ([source](https://redirect.github.com/DefinitelyTyped/DefinitelyTyped/tree/HEAD/types/koa-pr
1417	2025-10-27T11:35:10Z	2025-10-27T11:46:54Z	chore(deps): update dependency @types/koa-bodyparser to v4.3.13	This PR contains the following updates: | Package | Change | Age | Confidence | |---|---|---|---| | [@types/koa-bodyparser](https://redirect.github.com/DefinitelyTyped/DefinitelyTyped/tree/master/types/koa-bodyparser) ([source](https://redirect.github.com/DefinitelyTyped/DefinitelyTyped/tree/HEAD/ty
1416	2025-10-23T06:04:24Z	2025-10-23T06:09:40Z	chore(deps): update dependency eslint-plugin-unused-imports to v4.3.0	This PR contains the following updates: | Package | Change | Age | Confidence | |---|---|---|---| | [eslint-plugin-unused-imports](https://redirect.github.com/sweepline/eslint-plugin-unused-imports) | [`4.2.0` -> `4.3.0`](https://renovatebot.com/diffs/npm/eslint-plugin-unused-imports/4.2.0/4.3.0) | 
1415	2025-10-21T21:56:52Z	2025-10-21T22:03:10Z	fix(deps): update dependency koa to v3.0.3 [security]	This PR contains the following updates: | Package | Change | Age | Confidence | |---|---|---|---| | [koa](https://koajs.com) ([source](https://redirect.github.com/koajs/koa)) | [`3.0.1` -> `3.0.3`](https://renovatebot.com/diffs/npm/koa/3.0.1/3.0.3) | [![age](https://developer.mend.io/api/mc/badges/a
1414	2025-10-17T04:50:11Z	2025-10-17T04:55:19Z	chore(deps): update actions/setup-node action to v6	This PR contains the following updates: | Package | Type | Update | Change | |---|---|---|---| | [actions/setup-node](https://redirect.github.com/actions/setup-node) | action | major | `v5` -> `v6` | --- ### Release Notes <details> <summary>actions/setup-node (actions/setup-node)</summary> ### [`v6`
1413	2025-10-13T21:47:14Z	2025-10-13T21:52:21Z	chore(deps): update github/codeql-action action to v4	This PR contains the following updates: | Package | Type | Update | Change | |---|---|---|---| | [github/codeql-action](https://redirect.github.com/github/codeql-action) | action | major | `v3` -> `v4` | --- ### Release Notes <details> <summary>github/codeql-action (github/codeql-action)</summary> #
1411	2025-10-07T19:27:59Z	2025-10-07T19:32:56Z	chore(deps): update stryker-js monorepo to v9.2.0	This PR contains the following updates: | Package | Change | Age | Confidence | |---|---|---|---| | [@stryker-mutator/core](https://stryker-mutator.io/) ([source](https://redirect.github.com/stryker-mutator/stryker-js/tree/HEAD/packages/core)) | [`9.1.1` -> `9.2.0`](https://renovatebot.com/diffs/npm
1410	2025-10-07T19:27:50Z	2025-10-07T19:39:58Z	chore(deps): update dependency stryker-cli to v1.1.0	This PR contains the following updates: | Package | Change | Age | Confidence | |---|---|---|---| | [stryker-cli](https://redirect.github.com/stryker-mutator/stryker-cli) | [`1.0.2` -> `1.1.0`](https://renovatebot.com/diffs/npm/stryker-cli/1.0.2/1.1.0) | [![age](https://developer.mend.io/api/mc/badg
1407	2025-10-04T00:24:36Z	2025-10-04T00:29:17Z	fix(deps): update dependency typescript to v5.9.3	> [!NOTE] > Mend has cancelled [the proposed renaming](https://redirect.github.com/renovatebot/renovate/discussions/37842) of the Renovate GitHub app being renamed to `mend[bot]`. >  > This notice will be removed on 2025-10-07. <hr> This PR contains the following updates: | Package | Change | Age | 
1406	2025-10-02T21:49:00Z	2025-10-02T21:54:44Z	fix(deps): update dependency patch-package to v8.0.1	> [!NOTE] > Mend has cancelled [the proposed renaming](https://redirect.github.com/renovatebot/renovate/discussions/37842) of the Renovate GitHub app being renamed to `mend[bot]`. >  > This notice will be removed on 2025-10-07. <hr> This PR contains the following updates: | Package | Change | Age | 
1405	2025-10-02T01:45:06Z	2025-10-02T01:49:54Z	chore(deps): update dependency jest to v30.2.0	> [!NOTE] > Mend has cancelled [the proposed renaming](https://redirect.github.com/renovatebot/renovate/discussions/37842) of the Renovate GitHub app being renamed to `mend[bot]`. >  > This notice will be removed on 2025-10-07. <hr> This PR contains the following updates: | Package | Change | Age | 
1404	2025-09-30T09:04:54Z	2025-09-30T09:10:06Z	chore(deps): update dependency @swc/core to v1.13.20	Coming soon: The Renovate bot (GitHub App) will be renamed to Mend. PRs from Renovate will soon appear from 'Mend'. Learn more [here](https://redirect.github.com/renovatebot/renovate/discussions/37842). This PR contains the following updates: | Package | Change | Age | Confidence | |---|---|---|---|
1403	2025-09-30T09:04:27Z	2025-10-10T02:19:39Z	[Snyk] Security upgrade patch-package from 8.0.0 to 8.0.1	![snyk-top-banner](https://res.cloudinary.com/snyk/image/upload/r-d/scm-platform/snyk-pull-requests/pr-banner-default.svg) ### Snyk has created this PR to fix 3 vulnerabilities in the yarn dependencies of this project. #### Snyk changed the following file(s): - `package.json` - `yarn.lock` #### Note
1402	2025-09-28T13:24:27Z	2025-09-28T13:29:14Z	chore(deps): update dependency @swc/core to v1.13.19	Coming soon: The Renovate bot (GitHub App) will be renamed to Mend. PRs from Renovate will soon appear from 'Mend'. Learn more [here](https://redirect.github.com/renovatebot/renovate/discussions/37842). This PR contains the following updates: | Package | Change | Age | Confidence | |---|---|---|---|
1401	2025-09-19T14:26:25Z	2025-09-19T14:31:47Z	fix(deps): update dependency koa2-swagger-ui to v5.12.0	Coming soon: The Renovate bot (GitHub App) will be renamed to Mend. PRs from Renovate will soon appear from 'Mend'. Learn more [here](https://redirect.github.com/renovatebot/renovate/discussions/37842). This PR contains the following updates: | Package | Change | Age | Confidence | |---|---|---|---|
1400	2025-09-19T01:58:02Z	2025-09-19T02:03:04Z	fix(deps): update dependency fs-extra to v11.3.2	Coming soon: The Renovate bot (GitHub App) will be renamed to Mend. PRs from Renovate will soon appear from 'Mend'. Learn more [here](https://redirect.github.com/renovatebot/renovate/discussions/37842). This PR contains the following updates: | Package | Change | Age | Confidence | |---|---|---|---|
1399	2025-09-17T01:13:21Z	2025-09-17T01:24:32Z	fix(deps): update dependency debug to v4.4.3	Coming soon: The Renovate bot (GitHub App) will be renamed to Mend. PRs from Renovate will soon appear from 'Mend'. Learn more [here](https://redirect.github.com/renovatebot/renovate/discussions/37842). This PR contains the following updates: | Package | Change | Age | Confidence | |---|---|---|---|
1398	2025-09-16T09:54:04Z	2025-09-16T09:58:53Z	fix(deps): update dependency commander to v14.0.1	Coming soon: The Renovate bot (GitHub App) will be renamed to Mend. PRs from Renovate will soon appear from 'Mend'. Learn more [here](https://redirect.github.com/renovatebot/renovate/discussions/37842). This PR contains the following updates: | Package | Change | Age | Confidence | |---|---|---|---|
1397	2025-09-14T07:57:38Z	2025-09-14T08:02:42Z	chore(deps): update dependency @changesets/cli to v2.29.7	This PR contains the following updates: | Package | Change | Age | Confidence | |---|---|---|---| | [@changesets/cli](https://redirect.github.com/changesets/changesets/tree/main#readme) ([source](https://redirect.github.com/changesets/changesets)) | [`2.29.6` -> `2.29.7`](https://renovatebot.com/dif
1396	2025-09-11T00:14:54Z	2025-09-11T00:38:40Z	Version Packages	This PR was opened by the [Changesets release](https://github.com/changesets/action) GitHub action. When you're ready to do a release, you can merge this and the packages will be published to npm automatically. If you're not ready to do a release yet, that's fine, whenever you add more changesets to
1395	2025-09-11T00:09:16Z	2025-09-11T00:14:15Z	fix an issue with proxy where headers are mangled	
1393	2025-09-07T01:30:51Z	2025-09-07T01:41:07Z	chore(deps): update actions/setup-node action to v5	This PR contains the following updates: | Package | Type | Update | Change | |---|---|---|---| | [actions/setup-node](https://redirect.github.com/actions/setup-node) | action | major | `v4` -> `v5` | --- ### Release Notes <details> <summary>actions/setup-node (actions/setup-node)</summary> ### [`v5`
1392	2025-09-05T22:01:40Z	2025-09-05T22:07:46Z	chore(deps): update dependency jest to v30.1.3	This PR contains the following updates: | Package | Change | Age | Confidence | |---|---|---|---| | [jest](https://jestjs.io/) ([source](https://redirect.github.com/jestjs/jest/tree/HEAD/packages/jest)) | [`30.1.2` -> `30.1.3`](https://renovatebot.com/diffs/npm/jest/30.1.2/30.1.3) | [![age](https://
1391	2025-09-04T23:22:00Z	2025-09-05T00:17:11Z	Version Packages	This PR was opened by the [Changesets release](https://github.com/changesets/action) GitHub action. When you're ready to do a release, you can merge this and the packages will be published to npm automatically. If you're not ready to do a release yet, that's fine, whenever you add more changesets to
1390	2025-09-04T21:41:41Z	2025-09-04T21:49:30Z	Version Packages	This PR was opened by the [Changesets release](https://github.com/changesets/action) GitHub action. When you're ready to do a release, you can merge this and the packages will be published to npm automatically. If you're not ready to do a release yet, that's fine, whenever you add more changesets to
1389	2025-09-04T21:35:25Z	2025-09-04T21:40:57Z	Fix an issue where proxying to SSL does not work	
1388	2025-09-04T01:29:40Z		fix colon in file name debug	- **windows fix for a path that contains a colon (resolves #1381)** - **turn on debugger when running unit tests in CI so I can see why Windows isn't happy** - **to catch an error** - **fix debug environment variable config** - **trying to fix node modules cache in CI** - **more debugging stuff** - 
1387	2025-09-04T01:11:18Z	2025-09-04T01:17:18Z	chore(deps): update dependency jest to v30.1.2	This PR contains the following updates: | Package | Change | Age | Confidence | |---|---|---|---| | [jest](https://jestjs.io/) ([source](https://redirect.github.com/jestjs/jest/tree/HEAD/packages/jest)) | [`30.1.1` -> `30.1.2`](https://renovatebot.com/diffs/npm/jest/30.1.1/30.1.2) | [![age](https://
1386	2025-09-03T22:51:27Z	2025-09-04T23:21:25Z	windows fix for a path that contains a colon (resolves #1381)	Windows filenames cannot contain colon, so we replace it with a unicode ratio symbol.  resolves #1381
1385	2025-09-03T18:12:40Z	2025-09-03T18:18:08Z	Version Packages	This PR was opened by the [Changesets release](https://github.com/changesets/action) GitHub action. When you're ready to do a release, you can merge this and the packages will be published to npm automatically. If you're not ready to do a release yet, that's fine, whenever you add more changesets to
1384	2025-09-03T18:06:57Z	2025-09-03T18:12:04Z	Fix an error with $.proxy() and GET requests	It appears that Koa is adding an empty request body to GET requests. Get rid of it as it causes errors down the line. 
1383	2025-09-02T20:34:04Z	2025-09-02T20:39:40Z	chore(deps): update stryker-js monorepo to v9.1.1	This PR contains the following updates: | Package | Change | Age | Confidence | |---|---|---|---| | [@stryker-mutator/core](https://stryker-mutator.io/) ([source](https://redirect.github.com/stryker-mutator/stryker-js/tree/HEAD/packages/core)) | [`9.1.0` -> `9.1.1`](https://renovatebot.com/diffs/npm
1382	2025-09-02T12:55:30Z	2025-09-02T13:00:22Z	chore(deps): update stryker-js monorepo to v9.1.0	This PR contains the following updates: | Package | Change | Age | Confidence | |---|---|---|---| | [@stryker-mutator/core](https://stryker-mutator.io/) ([source](https://redirect.github.com/stryker-mutator/stryker-js/tree/HEAD/packages/core)) | [`9.0.1` -> `9.1.0`](https://renovatebot.com/diffs/npm
1380	2025-08-31T12:25:18Z	2025-09-03T02:28:31Z	chore(deps): update dependency jest to v30.1.1	This PR contains the following updates: | Package | Change | Age | Confidence | |---|---|---|---| | [jest](https://jestjs.io/) ([source](https://redirect.github.com/jestjs/jest/tree/HEAD/packages/jest)) | [`30.0.5` -> `30.1.1`](https://renovatebot.com/diffs/npm/jest/30.0.5/30.1.1) | [![age](https://
1379	2025-08-27T21:33:36Z	2025-08-27T21:38:10Z	chore(deps): update dependency @swc/core to v1.13.5	This PR contains the following updates: | Package | Change | Age | Confidence | |---|---|---|---| | [@swc/core](https://swc.rs) ([source](https://redirect.github.com/swc-project/swc)) | [`1.13.4` -> `1.13.5`](https://renovatebot.com/diffs/npm/@swc%2fcore/1.13.4/1.13.5) | [![age](https://developer.me
1378	2025-08-24T12:48:24Z	2025-08-24T12:53:06Z	chore(deps): update dependency @swc/core to v1.13.4	This PR contains the following updates: | Package | Change | Age | Confidence | |---|---|---|---| | [@swc/core](https://swc.rs) ([source](https://redirect.github.com/swc-project/swc)) | [`1.13.3` -> `1.13.4`](https://renovatebot.com/diffs/npm/@swc%2fcore/1.13.3/1.13.4) | [![age](https://developer.me
1377	2025-08-24T06:21:18Z	2025-08-24T06:26:34Z	chore(deps): update dependency eslint-plugin-unused-imports to v4.2.0	This PR contains the following updates: | Package | Change | Age | Confidence | |---|---|---|---| | [eslint-plugin-unused-imports](https://redirect.github.com/sweepline/eslint-plugin-unused-imports) | [`4.1.4` -> `4.2.0`](https://renovatebot.com/diffs/npm/eslint-plugin-unused-imports/4.1.4/4.2.0) | 
1376	2025-08-21T02:57:02Z	2025-08-21T03:01:53Z	chore(deps): pin dependency tsd to 0.33.0	This PR contains the following updates: | Package | Type | Update | Change | |---|---|---|---| | [tsd](https://redirect.github.com/tsdjs/tsd) | devDependencies | pin | [`^0.33.0` -> `0.33.0`](https://renovatebot.com/diffs/npm/tsd/0.33.0/0.33.0) | Add the preset `:preserveSemverRanges` to your config
1373	2025-08-19T22:54:01Z	2025-08-19T22:58:38Z	chore(deps): update dependency @changesets/cli to v2.29.6	This PR contains the following updates: | Package | Change | Age | Confidence | |---|---|---|---| | [@changesets/cli](https://redirect.github.com/changesets/changesets/tree/main#readme) ([source](https://redirect.github.com/changesets/changesets)) | [`2.29.5` -> `2.29.6`](https://renovatebot.com/dif
1372	2025-08-18T17:01:24Z	2025-08-20T17:58:08Z	use substring for content type parsing	fix for https://github.com/pmcelhaney/counterfact/issues/1370
1371	2025-08-14T18:31:21Z	2025-08-14T18:36:46Z	chore(deps): update actions/checkout action to v5	This PR contains the following updates: | Package | Type | Update | Change | |---|---|---|---| | [actions/checkout](https://redirect.github.com/actions/checkout) | action | major | `v4` -> `v5` | --- ### Release Notes <details> <summary>actions/checkout (actions/checkout)</summary> ### [`v5`](https:
1369	2025-08-09T17:32:29Z	2025-08-09T17:37:18Z	chore(deps): update dependency eslint-plugin-prettier to v5.5.4	This PR contains the following updates: | Package | Change | Age | Confidence | |---|---|---|---| | [eslint-plugin-prettier](https://redirect.github.com/prettier/eslint-plugin-prettier) | [`5.5.3` -> `5.5.4`](https://renovatebot.com/diffs/npm/eslint-plugin-prettier/5.5.3/5.5.4) | [![age](https://dev
1368	2025-08-09T05:02:51Z	2025-08-09T05:07:24Z	chore(deps): update dependency eslint-config-hardcore to v49	This PR contains the following updates: | Package | Change | Age | Confidence | |---|---|---|---| | [eslint-config-hardcore](https://redirect.github.com/EvgenyOrekhov/eslint-config-hardcore) | [`48.0.0` -> `49.0.0`](https://renovatebot.com/diffs/npm/eslint-config-hardcore/48.0.0/49.0.0) | [![age](ht
1367	2025-08-08T20:55:21Z	2025-08-08T21:00:25Z	fix(deps): update dependency fs-extra to v11.3.1	This PR contains the following updates: | Package | Change | Age | Confidence | |---|---|---|---| | [fs-extra](https://redirect.github.com/jprichardson/node-fs-extra) | [`11.3.0` -> `11.3.1`](https://renovatebot.com/diffs/npm/fs-extra/11.3.0/11.3.1) | [![age](https://developer.mend.io/api/mc/badges/
1366	2025-08-08T00:52:39Z	2025-08-08T00:58:41Z	chore(deps): update dependency eslint-config-hardcore to v48	This PR contains the following updates: | Package | Change | Age | Confidence | |---|---|---|---| | [eslint-config-hardcore](https://redirect.github.com/EvgenyOrekhov/eslint-config-hardcore) | [`47.0.1` -> `48.0.0`](https://renovatebot.com/diffs/npm/eslint-config-hardcore/47.0.1/48.0.0) | [![age](ht
1365	2025-08-04T00:35:43Z	2025-08-04T00:40:25Z	fix(deps): update dependency typescript to v5.9.2	This PR contains the following updates: | Package | Change | Age | Confidence | |---|---|---|---| | [typescript](https://www.typescriptlang.org/) ([source](https://redirect.github.com/microsoft/TypeScript)) | [`5.8.3` -> `5.9.2`](https://renovatebot.com/diffs/npm/typescript/5.8.3/5.9.2) | [![age](ht
1364	2025-08-02T10:34:00Z	2026-01-13T19:56:14Z	chore(deps): update dependency @types/koa to v3	This PR contains the following updates: | Package | Change | [Age](https://docs.renovatebot.com/merge-confidence/) | [Confidence](https://docs.renovatebot.com/merge-confidence/) | |---|---|---|---| | [@types/koa](https://redirect.github.com/DefinitelyTyped/DefinitelyTyped/tree/master/types/koa) ([so
1363	2025-08-01T11:48:35Z	2025-08-01T11:53:09Z	chore(deps): update dependency @swc/core to v1.13.3	This PR contains the following updates: | Package | Change | Age | Confidence | |---|---|---|---| | [@swc/core](https://swc.rs) ([source](https://redirect.github.com/swc-project/swc)) | [`1.13.2` -> `1.13.3`](https://renovatebot.com/diffs/npm/@swc%2fcore/1.13.2/1.13.3) | [![age](https://developer.me
1362	2025-07-30T20:30:20Z	2025-07-30T20:34:40Z	chore(deps): update dependency @testing-library/dom to v10.4.1	This PR contains the following updates: | Package | Change | Age | Confidence | |---|---|---|---| | [@testing-library/dom](https://redirect.github.com/testing-library/dom-testing-library) | [`10.4.0` -> `10.4.1`](https://renovatebot.com/diffs/npm/@testing-library%2fdom/10.4.0/10.4.1) | [![age](https
1361	2025-07-28T22:53:49Z	2025-07-28T22:58:20Z	fix(deps): update dependency koa to v3.0.1 [security]	This PR contains the following updates: | Package | Change | Age | Confidence | |---|---|---|---| | [koa](https://koajs.com) ([source](https://redirect.github.com/koajs/koa)) | [`3.0.0` -> `3.0.1`](https://renovatebot.com/diffs/npm/koa/3.0.0/3.0.1) | [![age](https://developer.mend.io/api/mc/badges/a
1360	2025-07-26T05:30:58Z	2025-07-26T10:35:03Z	chore(deps): update dependency supertest to v7.1.4	This PR contains the following updates: | Package | Change | Age | Confidence | |---|---|---|---| | [supertest](https://redirect.github.com/ladjs/supertest) | [`7.1.3` -> `7.1.4`](https://renovatebot.com/diffs/npm/supertest/7.1.3/7.1.4) | [![age](https://developer.mend.io/api/mc/badges/age/npm/super
1359	2025-07-26T05:30:54Z	2025-07-26T05:35:54Z	chore(deps): update dependency @swc/core to v1.13.2	This PR contains the following updates: | Package | Change | Age | Confidence | |---|---|---|---| | [@swc/core](https://swc.rs) ([source](https://redirect.github.com/swc-project/swc)) | [`1.13.1` -> `1.13.2`](https://renovatebot.com/diffs/npm/@swc%2fcore/1.13.1/1.13.2) | [![age](https://developer.me
1358	2025-07-25T08:28:20Z	2025-07-25T08:36:36Z	chore(deps): update dependency jest to v30.0.5	This PR contains the following updates: | Package | Change | Age | Confidence | |---|---|---|---| | [jest](https://jestjs.io/) ([source](https://redirect.github.com/jestjs/jest/tree/HEAD/packages/jest)) | [`30.0.4` -> `30.0.5`](https://renovatebot.com/diffs/npm/jest/30.0.4/30.0.5) | [![age](https://
1357	2025-07-23T01:48:49Z	2025-07-23T01:54:07Z	chore(deps): update dependency @swc/core to v1.13.1	This PR contains the following updates: | Package | Change | Age | Confidence | |---|---|---|---| | [@swc/core](https://swc.rs) ([source](https://redirect.github.com/swc-project/swc)) | [`1.13.0` -> `1.13.1`](https://renovatebot.com/diffs/npm/@swc%2fcore/1.13.0/1.13.1) | [![age](https://developer.me
1355	2025-07-22T03:32:41Z	2025-07-22T03:40:54Z	chore(deps): update dependency eslint-plugin-prettier to v5.5.3	This PR contains the following updates: | Package | Change | Age | Confidence | |---|---|---|---| | [eslint-plugin-prettier](https://redirect.github.com/prettier/eslint-plugin-prettier) | [`5.5.1` -> `5.5.3`](https://renovatebot.com/diffs/npm/eslint-plugin-prettier/5.5.1/5.5.3) | [![age](https://dev
1354	2025-07-21T04:26:13Z	2025-07-21T04:35:10Z	chore(deps): update dependency @swc/core to v1.13.0	This PR contains the following updates: | Package | Change | Age | Confidence | |---|---|---|---| | [@swc/core](https://swc.rs) ([source](https://redirect.github.com/swc-project/swc)) | [`1.12.14` -> `1.13.0`](https://renovatebot.com/diffs/npm/@swc%2fcore/1.12.14/1.13.0) | [![age](https://developer.
1353	2025-07-18T04:26:00Z	2025-07-18T04:30:26Z	fix(deps): update dependency open to v10.2.0	This PR contains the following updates: | Package | Change | Age | Confidence | |---|---|---|---| | [open](https://redirect.github.com/sindresorhus/open) | [`10.1.2` -> `10.2.0`](https://renovatebot.com/diffs/npm/open/10.1.2/10.2.0) | [![age](https://developer.mend.io/api/mc/badges/age/npm/open/10.2
1352	2025-07-17T17:46:21Z	2025-07-17T17:52:26Z	chore(deps): update dependency @swc/core to v1.12.14	This PR contains the following updates: | Package | Change | Age | Confidence | |---|---|---|---| | [@swc/core](https://swc.rs) ([source](https://redirect.github.com/swc-project/swc)) | [`1.12.11` -> `1.12.14`](https://renovatebot.com/diffs/npm/@swc%2fcore/1.12.11/1.12.14) | [![age](https://develope
1351	2025-07-12T14:03:30Z	2025-07-12T14:09:38Z	chore(deps): update dependency @swc/jest to v0.2.39	This PR contains the following updates: | Package | Change | Age | Confidence | |---|---|---|---| | [@swc/jest](https://redirect.github.com/swc-project/pkgs/tree/main/packages/jest) ([source](https://redirect.github.com/swc-project/pkgs)) | [`0.2.38` -> `0.2.39`](https://renovatebot.com/diffs/npm/@s
1350	2025-07-11T14:37:50Z	2025-07-11T14:42:28Z	chore(deps): update dependency @swc/core to v1.12.11	This PR contains the following updates: | Package | Change | Age | Confidence | |---|---|---|---| | [@swc/core](https://swc.rs) ([source](https://redirect.github.com/swc-project/swc)) | [`1.12.9` -> `1.12.11`](https://renovatebot.com/diffs/npm/@swc%2fcore/1.12.9/1.12.11) | [![age](https://developer.
1349	2025-07-11T06:49:59Z	2025-07-11T06:54:17Z	chore(deps): update dependency supertest to v7.1.3	This PR contains the following updates: | Package | Change | Age | Confidence | |---|---|---|---| | [supertest](https://redirect.github.com/ladjs/supertest) | [`7.1.2` -> `7.1.3`](https://renovatebot.com/diffs/npm/supertest/7.1.2/7.1.3) | [![age](https://developer.mend.io/api/mc/badges/age/npm/super
1348	2025-07-10T22:44:02Z	2025-07-10T22:48:42Z	chore(deps): update dependency supertest to v7.1.2	This PR contains the following updates: | Package | Change | Age | Confidence | |---|---|---|---| | [supertest](https://redirect.github.com/ladjs/supertest) | [`7.1.1` -> `7.1.2`](https://renovatebot.com/diffs/npm/supertest/7.1.1/7.1.2) | [![age](https://developer.mend.io/api/mc/badges/age/npm/super
1347	2025-07-06T06:29:31Z	2025-07-06T06:33:44Z	chore(deps): update dependency jest to v30.0.4	This PR contains the following updates: | Package | Change | Age | Confidence | |---|---|---|---| | [jest](https://jestjs.io/) ([source](https://redirect.github.com/jestjs/jest/tree/HEAD/packages/jest)) | [`30.0.3` -> `30.0.4`](https://renovatebot.com/diffs/npm/jest/30.0.3/30.0.4) | [![age](https://
1346	2025-07-05T01:39:21Z	2025-07-05T01:43:43Z	chore(deps): update dependency @types/lodash to v4.17.20	This PR contains the following updates: | Package | Change | Age | Confidence | |---|---|---|---| | [@types/lodash](https://redirect.github.com/DefinitelyTyped/DefinitelyTyped/tree/master/types/lodash) ([source](https://redirect.github.com/DefinitelyTyped/DefinitelyTyped/tree/HEAD/types/lodash)) | [
1345	2025-07-04T16:41:07Z	2025-07-04T16:46:43Z	chore(deps): update dependency @swc/core to v1.12.9	This PR contains the following updates: | Package | Change | Age | Confidence | |---|---|---|---| | [@swc/core](https://swc.rs) ([source](https://redirect.github.com/swc-project/swc)) | [`1.12.7` -> `1.12.9`](https://renovatebot.com/diffs/npm/@swc%2fcore/1.12.7/1.12.9) | [![age](https://developer.me
1344	2025-07-03T20:56:41Z	2026-04-06T16:33:00Z	feat: Auto-detect native TypeScript execution support	## Summary Allows Counterfact to run with no transpilation when the runtime natively supports TypeScript type stripping (e.g. `tsx`, `ts-node`, or Node.js with `--experimental-strip-types`). Rather than requiring a CLI flag, the server probes the runtime at startup and automatically serves routes di
1343	2025-06-30T13:47:30Z	2025-06-30T13:52:05Z	fix(deps): update dependency prettier to v3.6.2	This PR contains the following updates: | Package | Change | Age | Adoption | Passing | Confidence | |---|---|---|---|---|---| | [prettier](https://prettier.io) ([source](https://redirect.github.com/prettier/prettier)) | [`3.6.1` -> `3.6.2`](https://renovatebot.com/diffs/npm/prettier/3.6.1/3.6.2) | 
1342	2025-06-29T16:44:16Z	2025-06-29T16:48:43Z	chore(deps): update dependency @swc/core to v1.12.7	This PR contains the following updates: | Package | Change | Age | Adoption | Passing | Confidence | |---|---|---|---|---|---| | [@swc/core](https://swc.rs) ([source](https://redirect.github.com/swc-project/swc)) | [`1.12.6` -> `1.12.7`](https://renovatebot.com/diffs/npm/@swc%2fcore/1.12.6/1.12.7) |
1341	2025-06-29T06:24:04Z	2025-06-29T10:40:01Z	chore(deps): update dependency eslint-import-resolver-typescript to v4.4.4	This PR contains the following updates: | Package | Change | Age | Adoption | Passing | Confidence | |---|---|---|---|---|---| | [eslint-import-resolver-typescript](https://redirect.github.com/import-js/eslint-import-resolver-typescript) | [`4.4.3` -> `4.4.4`](https://renovatebot.com/diffs/npm/eslin
1340	2025-06-29T06:23:58Z	2025-06-29T06:28:20Z	chore(deps): update dependency @types/lodash to v4.17.19	This PR contains the following updates: | Package | Change | Age | Adoption | Passing | Confidence | |---|---|---|---|---|---| | [@types/lodash](https://redirect.github.com/DefinitelyTyped/DefinitelyTyped/tree/master/types/lodash) ([source](https://redirect.github.com/DefinitelyTyped/DefinitelyTyped
1339	2025-06-28T20:52:24Z	2025-06-28T21:00:45Z	chore(deps): update dependency eslint-plugin-prettier to v5.5.1	This PR contains the following updates: | Package | Change | Age | Adoption | Passing | Confidence | |---|---|---|---|---|---| | [eslint-plugin-prettier](https://redirect.github.com/prettier/eslint-plugin-prettier) | [`5.5.0` -> `5.5.1`](https://renovatebot.com/diffs/npm/eslint-plugin-prettier/5.5.0
1338	2025-06-28T12:47:43Z	2025-06-28T12:52:24Z	fix(deps): update dependency prettier to v3.6.1	This PR contains the following updates: | Package | Change | Age | Adoption | Passing | Confidence | |---|---|---|---|---|---| | [prettier](https://prettier.io) ([source](https://redirect.github.com/prettier/prettier)) | [`3.6.0` -> `3.6.1`](https://renovatebot.com/diffs/npm/prettier/3.6.0/3.6.1) | 
1337	2025-06-28T06:41:13Z	2025-06-28T06:45:59Z	chore(deps): update dependency jest to v30.0.3	This PR contains the following updates: | Package | Change | Age | Adoption | Passing | Confidence | |---|---|---|---|---|---| | [jest](https://jestjs.io/) ([source](https://redirect.github.com/jestjs/jest/tree/HEAD/packages/jest)) | [`30.0.2` -> `30.0.3`](https://renovatebot.com/diffs/npm/jest/30.0
1336	2025-06-27T05:26:52Z	2025-06-27T05:31:54Z	chore(deps): update dependency @swc/core to v1.12.6	This PR contains the following updates: | Package | Change | Age | Adoption | Passing | Confidence | |---|---|---|---|---|---| | [@swc/core](https://swc.rs) ([source](https://redirect.github.com/swc-project/swc)) | [`1.12.5` -> `1.12.6`](https://renovatebot.com/diffs/npm/@swc%2fcore/1.12.5/1.12.6) |
1335	2025-06-26T08:06:11Z	2025-06-26T08:12:54Z	fix(deps): update dependency prettier to v3.6.0	This PR contains the following updates: | Package | Change | Age | Adoption | Passing | Confidence | |---|---|---|---|---|---| | [prettier](https://prettier.io) ([source](https://redirect.github.com/prettier/prettier)) | [`3.5.3` -> `3.6.0`](https://renovatebot.com/diffs/npm/prettier/3.5.3/3.6.0) | 
1334	2025-06-24T17:06:26Z	2025-06-24T17:12:02Z	chore(deps): update dependency @swc/core to v1.12.5	This PR contains the following updates: | Package | Change | Age | Adoption | Passing | Confidence | |---|---|---|---|---|---| | [@swc/core](https://swc.rs) ([source](https://redirect.github.com/swc-project/swc)) | [`1.12.4` -> `1.12.5`](https://renovatebot.com/diffs/npm/@swc%2fcore/1.12.4/1.12.5) |
1333	2025-06-24T04:59:58Z	2025-06-24T05:09:20Z	chore(deps): update dependency eslint-plugin-import to v2.32.0	This PR contains the following updates: | Package | Change | Age | Adoption | Passing | Confidence | |---|---|---|---|---|---| | [eslint-plugin-import](https://redirect.github.com/import-js/eslint-plugin-import) | [`2.31.0` -> `2.32.0`](https://renovatebot.com/diffs/npm/eslint-plugin-import/2.31.0/2
1332	2025-06-23T16:35:22Z	2025-06-23T22:06:46Z	chore(deps): update dependency @swc/core to v1.12.4	This PR contains the following updates: | Package | Change | Age | Adoption | Passing | Confidence | |---|---|---|---|---|---| | [@swc/core](https://swc.rs) ([source](https://redirect.github.com/swc-project/swc)) | [`1.12.3` -> `1.12.4`](https://renovatebot.com/diffs/npm/@swc%2fcore/1.12.3/1.12.4) |
1331	2025-06-23T16:35:16Z	2025-06-23T16:39:23Z	chore(deps): update dependency @changesets/cli to v2.29.5	This PR contains the following updates: | Package | Change | Age | Adoption | Passing | Confidence | |---|---|---|---|---|---| | [@changesets/cli](https://redirect.github.com/changesets/changesets/tree/main#readme) ([source](https://redirect.github.com/changesets/changesets)) | [`2.29.4` -> `2.29.5`
1330	2025-06-22T22:05:05Z	2025-06-22T22:14:16Z	chore(deps): update dependency jest to v30.0.2	This PR contains the following updates: | Package | Change | Age | Adoption | Passing | Confidence | |---|---|---|---|---|---| | [jest](https://jestjs.io/) ([source](https://redirect.github.com/jestjs/jest/tree/HEAD/packages/jest)) | [`30.0.1` -> `30.0.2`](https://renovatebot.com/diffs/npm/jest/30.0
1329	2025-06-22T14:58:45Z	2025-06-22T15:04:25Z	chore(deps): update dependency @swc/core to v1.12.3	This PR contains the following updates: | Package | Change | Age | Adoption | Passing | Confidence | |---|---|---|---|---|---| | [@swc/core](https://swc.rs) ([source](https://redirect.github.com/swc-project/swc)) | [`1.12.1` -> `1.12.3`](https://renovatebot.com/diffs/npm/@swc%2fcore/1.12.1/1.12.3) |
1328	2025-06-22T01:54:05Z	2025-06-22T05:58:34Z	chore(deps): update dependency jest to v30.0.1	This PR contains the following updates: | Package | Change | Age | Adoption | Passing | Confidence | |---|---|---|---|---|---| | [jest](https://jestjs.io/) ([source](https://redirect.github.com/jestjs/jest/tree/HEAD/packages/jest)) | [`30.0.0` -> `30.0.1`](https://renovatebot.com/diffs/npm/jest/30.0
1327	2025-06-22T01:54:01Z	2025-06-22T01:59:28Z	chore(deps): update dependency eslint-plugin-jest to v29.0.1	This PR contains the following updates: | Package | Change | Age | Adoption | Passing | Confidence | |---|---|---|---|---|---| | [eslint-plugin-jest](https://redirect.github.com/jest-community/eslint-plugin-jest) | [`29.0.0` -> `29.0.1`](https://renovatebot.com/diffs/npm/eslint-plugin-jest/29.0.0/29
1326	2025-06-21T10:41:51Z	2025-06-21T14:18:03Z	chore(deps): update dependency eslint-plugin-jest to v29	This PR contains the following updates: | Package | Change | Age | Adoption | Passing | Confidence | |---|---|---|---|---|---| | [eslint-plugin-jest](https://redirect.github.com/jest-community/eslint-plugin-jest) | [`28.14.0` -> `29.0.0`](https://renovatebot.com/diffs/npm/eslint-plugin-jest/28.14.0/
1325	2025-06-21T10:41:45Z	2025-06-21T10:45:57Z	chore(deps): update dependency @types/lodash to v4.17.18	This PR contains the following updates: | Package | Change | Age | Adoption | Passing | Confidence | |---|---|---|---|---|---| | [@types/lodash](https://redirect.github.com/DefinitelyTyped/DefinitelyTyped/tree/master/types/lodash) ([source](https://redirect.github.com/DefinitelyTyped/DefinitelyTyped
1324	2025-06-20T19:32:01Z	2025-06-20T19:39:03Z	chore(deps): update dependency eslint-plugin-prettier to v5.5.0	This PR contains the following updates: | Package | Change | Age | Adoption | Passing | Confidence | |---|---|---|---|---|---| | [eslint-plugin-prettier](https://redirect.github.com/prettier/eslint-plugin-prettier) | [`5.4.1` -> `5.5.0`](https://renovatebot.com/diffs/npm/eslint-plugin-prettier/5.4.1
1322	2025-06-20T15:35:36Z	2025-06-20T15:42:58Z	feat: Add CLI option to build cache	Adds a new `buildCache` option (`-b ` or `--build-cache`) that will rebuild the local cache (implicitly generating the routes and types) without starting the server. Fixes: https://github.com/pmcelhaney/counterfact/issues/1304
1321	2025-06-20T05:24:34Z		fix(deps): update dependency @apidevtools/json-schema-ref-parser to v14 - autoclosed	This PR contains the following updates: | Package | Change | Age | Confidence | |---|---|---|---| | [@apidevtools/json-schema-ref-parser](https://apidevtools.com/json-schema-ref-parser/) ([source](https://redirect.github.com/APIDevTools/json-schema-ref-parser)) | [`13.0.5` -> `14.2.1`](https://renov
1320	2025-06-19T15:56:41Z	2025-06-19T16:03:39Z	chore(deps): update dependency @types/jest to v30	This PR contains the following updates: | Package | Change | Age | Adoption | Passing | Confidence | |---|---|---|---|---|---| | [@types/jest](https://redirect.github.com/DefinitelyTyped/DefinitelyTyped/tree/master/types/jest) ([source](https://redirect.github.com/DefinitelyTyped/DefinitelyTyped/tre
1319	2025-06-18T22:10:48Z	2025-06-18T22:18:59Z	chore(deps): update dependency eslint-plugin-jest to v28.14.0	This PR contains the following updates: | Package | Change | Age | Adoption | Passing | Confidence | |---|---|---|---|---|---| | [eslint-plugin-jest](https://redirect.github.com/jest-community/eslint-plugin-jest) | [`28.13.5` -> `28.14.0`](https://renovatebot.com/diffs/npm/eslint-plugin-jest/28.13.5
1318	2025-06-17T02:54:45Z	2026-01-13T21:57:52Z	chore(deps): update dependency eslint to v9.39.2	This PR contains the following updates: | Package | Change | [Age](https://docs.renovatebot.com/merge-confidence/) | [Confidence](https://docs.renovatebot.com/merge-confidence/) | |---|---|---|---| | [eslint](https://eslint.org) ([source](https://redirect.github.com/eslint/eslint)) | [`9.28.0` → `9.
1317	2025-06-16T10:58:01Z	2025-06-16T11:04:29Z	chore(deps): update dependency eslint-plugin-jest to v28.13.5	This PR contains the following updates: | Package | Change | Age | Adoption | Passing | Confidence | |---|---|---|---|---|---| | [eslint-plugin-jest](https://redirect.github.com/jest-community/eslint-plugin-jest) | [`28.13.3` -> `28.13.5`](https://renovatebot.com/diffs/npm/eslint-plugin-jest/28.13.3
1316	2025-06-15T21:52:10Z	2025-06-15T21:59:30Z	chore(deps): update dependency jest to v30	This PR contains the following updates: | Package | Change | Age | Adoption | Passing | Confidence | |---|---|---|---|---|---| | [jest](https://jestjs.io/) ([source](https://redirect.github.com/jestjs/jest/tree/HEAD/packages/jest)) | [`29.7.0` -> `30.0.0`](https://renovatebot.com/diffs/npm/jest/29.7
1315	2025-06-15T21:52:06Z	2025-06-16T02:40:48Z	chore(deps): update dependency @swc/core to v1.12.1	This PR contains the following updates: | Package | Change | Age | Adoption | Passing | Confidence | |---|---|---|---|---|---| | [@swc/core](https://swc.rs) ([source](https://redirect.github.com/swc-project/swc)) | [`1.11.31` -> `1.12.1`](https://renovatebot.com/diffs/npm/@swc%2fcore/1.11.31/1.12.1)
1314	2025-06-15T09:26:10Z	2025-06-15T15:02:45Z	fix(deps): update dependency @apidevtools/json-schema-ref-parser to v13.0.5	This PR contains the following updates: | Package | Change | Age | Adoption | Passing | Confidence | |---|---|---|---|---|---| | [@apidevtools/json-schema-ref-parser](https://apidevtools.com/json-schema-ref-parser/) ([source](https://redirect.github.com/APIDevTools/json-schema-ref-parser)) | [`13.0.
1313	2025-06-15T09:26:05Z	2025-06-15T09:30:06Z	chore(deps): update dependency eslint-plugin-jest to v28.13.3	This PR contains the following updates: | Package | Change | Age | Adoption | Passing | Confidence | |---|---|---|---|---|---| | [eslint-plugin-jest](https://redirect.github.com/jest-community/eslint-plugin-jest) | [`28.13.0` -> `28.13.3`](https://renovatebot.com/diffs/npm/eslint-plugin-jest/28.13.0
1312	2025-06-11T23:24:58Z	2025-06-11T23:32:37Z	fix(deps): update dependency @apidevtools/json-schema-ref-parser to v13.0.4	This PR contains the following updates: | Package | Change | Age | Adoption | Passing | Confidence | |---|---|---|---|---|---| | [@apidevtools/json-schema-ref-parser](https://apidevtools.com/json-schema-ref-parser/) ([source](https://redirect.github.com/APIDevTools/json-schema-ref-parser)) | [`13.0.
1310	2025-06-10T01:41:39Z	2025-06-10T07:35:56Z	chore(deps): update dependency eslint-plugin-jest to v28.13.0	This PR contains the following updates: | Package | Change | Age | Adoption | Passing | Confidence | |---|---|---|---|---|---| | [eslint-plugin-jest](https://redirect.github.com/jest-community/eslint-plugin-jest) | [`28.12.0` -> `28.13.0`](https://renovatebot.com/diffs/npm/eslint-plugin-jest/28.12.0
1309	2025-06-10T01:41:35Z	2025-06-10T01:49:10Z	fix(deps): update dependency @apidevtools/json-schema-ref-parser to v13.0.3	This PR contains the following updates: | Package | Change | Age | Adoption | Passing | Confidence | |---|---|---|---|---|---| | [@apidevtools/json-schema-ref-parser](https://apitools.dev/json-schema-ref-parser/) ([source](https://redirect.github.com/APIDevTools/json-schema-ref-parser)) | [`13.0.1` 
1307	2025-06-09T00:59:08Z	2025-06-09T01:04:33Z	chore(deps): update dependency eslint-import-resolver-typescript to v4.4.3	This PR contains the following updates: | Package | Change | Age | Adoption | Passing | Confidence | |---|---|---|---|---|---| | [eslint-import-resolver-typescript](https://redirect.github.com/import-js/eslint-import-resolver-typescript) | [`4.4.2` -> `4.4.3`](https://renovatebot.com/diffs/npm/eslin
1306	2025-06-08T12:58:11Z	2025-06-08T13:06:40Z	chore(deps): update dependency @swc/core to v1.11.31	This PR contains the following updates: | Package | Change | Age | Adoption | Passing | Confidence | |---|---|---|---|---|---| | [@swc/core](https://swc.rs) ([source](https://redirect.github.com/swc-project/swc)) | [`1.11.29` -> `1.11.31`](https://renovatebot.com/diffs/npm/@swc%2fcore/1.11.29/1.11.3
1305	2025-06-07T02:54:42Z	2025-06-07T03:02:59Z	fix(deps): update dependency @apidevtools/json-schema-ref-parser to v13	This PR contains the following updates: | Package | Change | Age | Adoption | Passing | Confidence | |---|---|---|---|---|---| | [@apidevtools/json-schema-ref-parser](https://apitools.dev/json-schema-ref-parser/) ([source](https://redirect.github.com/APIDevTools/json-schema-ref-parser)) | [`12.0.2` 
1302	2025-06-04T02:26:25Z	2025-06-04T02:30:24Z	chore(deps): update dependency eslint-plugin-jest to v28.12.0	This PR contains the following updates: | Package | Change | Age | Adoption | Passing | Confidence | |---|---|---|---|---|---| | [eslint-plugin-jest](https://redirect.github.com/jest-community/eslint-plugin-jest) | [`28.11.1` -> `28.12.0`](https://renovatebot.com/diffs/npm/eslint-plugin-jest/28.11.1
1301	2025-06-04T02:26:20Z	2025-06-04T02:38:15Z	chore(deps): update dependency eslint to v9.28.0	This PR contains the following updates: | Package | Change | Age | Adoption | Passing | Confidence | |---|---|---|---|---|---| | [eslint](https://eslint.org) ([source](https://redirect.github.com/eslint/eslint)) | [`9.27.0` -> `9.28.0`](https://renovatebot.com/diffs/npm/eslint/9.27.0/9.28.0) | [![ag
1300	2025-06-03T21:47:08Z	2025-06-03T21:55:36Z	chore(deps): update dependency eslint-plugin-prettier to v5.4.1	This PR contains the following updates: | Package | Change | Age | Adoption | Passing | Confidence | |---|---|---|---|---|---| | [eslint-plugin-prettier](https://redirect.github.com/prettier/eslint-plugin-prettier) | [`5.4.0` -> `5.4.1`](https://renovatebot.com/diffs/npm/eslint-plugin-prettier/5.4.0
1299	2025-06-03T21:47:03Z	2025-06-03T22:01:55Z	chore(deps): update dependency eslint-import-resolver-typescript to v4.4.2	This PR contains the following updates: | Package | Change | Age | Adoption | Passing | Confidence | |---|---|---|---|---|---| | [eslint-import-resolver-typescript](https://redirect.github.com/import-js/eslint-import-resolver-typescript) | [`4.4.1` -> `4.4.2`](https://renovatebot.com/diffs/npm/eslin
1298	2025-05-31T05:51:07Z	2025-05-31T05:58:21Z	chore(deps): update dependency eslint-plugin-jest to v28.11.1	This PR contains the following updates: | Package | Change | Age | Adoption | Passing | Confidence | |---|---|---|---|---|---| | [eslint-plugin-jest](https://redirect.github.com/jest-community/eslint-plugin-jest) | [`28.11.0` -> `28.11.1`](https://renovatebot.com/diffs/npm/eslint-plugin-jest/28.11.0
1297	2025-05-30T13:13:10Z	2025-06-05T15:24:21Z	Version Packages	This PR was opened by the [Changesets release](https://github.com/changesets/action) GitHub action. When you're ready to do a release, you can merge this and the packages will be published to npm automatically. If you're not ready to do a release yet, that's fine, whenever you add more changesets to
1296	2025-05-29T15:03:09Z	2025-05-30T13:12:20Z	fix(server): Minor fix to buildMatch logic	Fixes a minor case comparison issue in `module-tree-ts` where the `buildMatch` logic could fail to find a file when invoking `dispatcher.request` directly.
1295	2025-05-29T09:49:26Z	2025-05-29T09:53:54Z	chore(deps): update dependency eslint-import-resolver-typescript to v4.4.1	This PR contains the following updates: | Package | Change | Age | Adoption | Passing | Confidence | |---|---|---|---|---|---| | [eslint-import-resolver-typescript](https://redirect.github.com/import-js/eslint-import-resolver-typescript) | [`4.4.0` -> `4.4.1`](https://renovatebot.com/diffs/npm/eslin
1294	2025-05-28T16:57:30Z	2025-05-28T17:06:38Z	chore(deps): update dependency eslint-import-resolver-typescript to v4.4.0	This PR contains the following updates: | Package | Change | Age | Adoption | Passing | Confidence | |---|---|---|---|---|---| | [eslint-import-resolver-typescript](https://redirect.github.com/import-js/eslint-import-resolver-typescript) | [`4.3.5` -> `4.4.0`](https://renovatebot.com/diffs/npm/eslin
1293	2025-05-24T23:06:05Z	2025-05-24T23:12:38Z	chore(deps): update dependency @swc/core to v1.11.29	This PR contains the following updates: | Package | Change | Age | Adoption | Passing | Confidence | |---|---|---|---|---|---| | [@swc/core](https://swc.rs) ([source](https://redirect.github.com/swc-project/swc)) | [`1.11.24` -> `1.11.29`](https://renovatebot.com/diffs/npm/@swc%2fcore/1.11.24/1.11.2
1292	2025-05-23T23:53:34Z	2025-05-23T23:58:49Z	chore(deps): update dependency @types/lodash to v4.17.17	This PR contains the following updates: | Package | Change | Age | Adoption | Passing | Confidence | |---|---|---|---|---|---| | [@types/lodash](https://redirect.github.com/DefinitelyTyped/DefinitelyTyped/tree/master/types/lodash) ([source](https://redirect.github.com/DefinitelyTyped/DefinitelyTyped
1291	2025-05-21T11:07:22Z	2025-05-21T11:11:50Z	fix(deps): update dependency commander to v14	This PR contains the following updates: | Package | Change | Age | Adoption | Passing | Confidence | |---|---|---|---|---|---| | [commander](https://redirect.github.com/tj/commander.js) | [`13.1.0` -> `14.0.0`](https://renovatebot.com/diffs/npm/commander/13.1.0/14.0.0) | [![age](https://developer.me
1290	2025-05-21T11:07:17Z	2025-05-21T17:30:13Z	chore(deps): update dependency eslint-import-resolver-typescript to v4.3.5	This PR contains the following updates: | Package | Change | Age | Adoption | Passing | Confidence | |---|---|---|---|---|---| | [eslint-import-resolver-typescript](https://redirect.github.com/import-js/eslint-import-resolver-typescript) | [`4.3.4` -> `4.3.5`](https://renovatebot.com/diffs/npm/eslin
1289	2025-05-20T01:40:53Z	2025-05-20T01:45:00Z	chore(deps): update dependency eslint to v9.27.0	This PR contains the following updates: | Package | Change | Age | Adoption | Passing | Confidence | |---|---|---|---|---|---| | [eslint](https://eslint.org) ([source](https://redirect.github.com/eslint/eslint)) | [`9.26.0` -> `9.27.0`](https://renovatebot.com/diffs/npm/eslint/9.26.0/9.27.0) | [![ag
1288	2025-05-17T15:15:37Z	2025-05-17T15:22:21Z	chore(deps): update stryker-js monorepo to v9.0.1	This PR contains the following updates: | Package | Change | Age | Adoption | Passing | Confidence | |---|---|---|---|---|---| | [@stryker-mutator/core](https://stryker-mutator.io/) ([source](https://redirect.github.com/stryker-mutator/stryker-js/tree/HEAD/packages/core)) | [`9.0.0` -> `9.0.1`](http
1287	2025-05-17T01:32:58Z	2025-05-17T01:41:00Z	fix(deps): update dependency debug to v4.4.1	This PR contains the following updates: | Package | Change | Age | Adoption | Passing | Confidence | |---|---|---|---|---|---| | [debug](https://redirect.github.com/debug-js/debug) | [`4.4.0` -> `4.4.1`](https://renovatebot.com/diffs/npm/debug/4.4.0/4.4.1) | [![age](https://developer.mend.io/api/mc/
1286	2025-05-16T19:44:34Z	2025-05-16T19:51:49Z	chore(deps): update stryker-js monorepo to v9 (major)	This PR contains the following updates: | Package | Change | Age | Adoption | Passing | Confidence | |---|---|---|---|---|---| | [@stryker-mutator/core](https://stryker-mutator.io/) ([source](https://redirect.github.com/stryker-mutator/stryker-js/tree/HEAD/packages/core)) | [`8.7.1` -> `9.0.0`](http
1285	2025-05-16T02:34:36Z	2025-05-16T05:51:54Z	fix(deps): update dependency @apidevtools/json-schema-ref-parser to v12.0.2	This PR contains the following updates: | Package | Change | Age | Adoption | Passing | Confidence | |---|---|---|---|---|---| | [@apidevtools/json-schema-ref-parser](https://apitools.dev/json-schema-ref-parser/) ([source](https://redirect.github.com/APIDevTools/json-schema-ref-parser)) | [`12.0.1` 
1284	2025-05-16T02:34:32Z	2025-05-16T02:39:45Z	chore(deps): update dependency @changesets/cli to v2.29.4	This PR contains the following updates: | Package | Change | Age | Adoption | Passing | Confidence | |---|---|---|---|---|---| | [@changesets/cli](https://redirect.github.com/changesets/changesets/tree/main#readme) ([source](https://redirect.github.com/changesets/changesets)) | [`2.29.3` -> `2.29.4`
1283	2025-05-15T16:27:32Z	2025-05-15T16:34:35Z	chore(deps): update dependency supertest to v7.1.1	This PR contains the following updates: | Package | Change | Age | Adoption | Passing | Confidence | |---|---|---|---|---|---| | [supertest](https://redirect.github.com/ladjs/supertest) | [`7.1.0` -> `7.1.1`](https://renovatebot.com/diffs/npm/supertest/7.1.0/7.1.1) | [![age](https://developer.mend.i
1282	2025-05-09T03:05:09Z	2025-05-09T03:13:00Z	chore(deps): update dependency eslint-plugin-prettier to v5.4.0	This PR contains the following updates: | Package | Change | Age | Adoption | Passing | Confidence | |---|---|---|---|---|---| | [eslint-plugin-prettier](https://redirect.github.com/prettier/eslint-plugin-prettier) | [`5.3.1` -> `5.4.0`](https://renovatebot.com/diffs/npm/eslint-plugin-prettier/5.3.1
1281	2025-05-08T15:52:08Z	2025-05-08T15:59:05Z	chore(deps): update dependency @changesets/cli to v2.29.3	This PR contains the following updates: | Package | Change | Age | Adoption | Passing | Confidence | |---|---|---|---|---|---| | [@changesets/cli](https://redirect.github.com/changesets/changesets/tree/main#readme) ([source](https://redirect.github.com/changesets/changesets)) | [`2.29.2` -> `2.29.3`
1280	2025-05-07T17:47:59Z	2025-05-07T17:59:01Z	chore(deps): update dependency eslint-plugin-prettier to v5.3.1	This PR contains the following updates: | Package | Change | Age | Adoption | Passing | Confidence | |---|---|---|---|---|---| | [eslint-plugin-prettier](https://redirect.github.com/prettier/eslint-plugin-prettier) | [`5.2.6` -> `5.3.1`](https://renovatebot.com/diffs/npm/eslint-plugin-prettier/5.2.6
1279	2025-05-06T02:54:51Z	2025-05-06T05:56:22Z	chore(deps): update dependency eslint to v9.26.0	This PR contains the following updates: | Package | Change | Age | Adoption | Passing | Confidence | |---|---|---|---|---|---| | [eslint](https://eslint.org) ([source](https://redirect.github.com/eslint/eslint)) | [`9.25.1` -> `9.26.0`](https://renovatebot.com/diffs/npm/eslint/9.25.1/9.26.0) | [![ag
1278	2025-05-06T02:54:46Z	2025-05-06T03:01:34Z	chore(deps): update dependency node-mocks-http to v1.17.2	This PR contains the following updates: | Package | Change | Age | Adoption | Passing | Confidence | |---|---|---|---|---|---| | [node-mocks-http](https://redirect.github.com/eugef/node-mocks-http) | [`1.17.1` -> `1.17.2`](https://renovatebot.com/diffs/npm/node-mocks-http/1.17.1/1.17.2) | [![age](ht
1277	2025-05-05T02:40:46Z	2025-05-05T02:47:52Z	chore(deps): update dependency node-mocks-http to v1.17.1	This PR contains the following updates: | Package | Change | Age | Adoption | Passing | Confidence | |---|---|---|---|---|---| | [node-mocks-http](https://redirect.github.com/eugef/node-mocks-http) | [`1.17.0` -> `1.17.1`](https://renovatebot.com/diffs/npm/node-mocks-http/1.17.0/1.17.1) | [![age](ht
1276	2025-05-04T14:03:51Z	2025-05-04T14:12:15Z	fix(deps): update dependency open to v10.1.2	This PR contains the following updates: | Package | Change | Age | Adoption | Passing | Confidence | |---|---|---|---|---|---| | [open](https://redirect.github.com/sindresorhus/open) | [`10.1.1` -> `10.1.2`](https://renovatebot.com/diffs/npm/open/10.1.1/10.1.2) | [![age](https://developer.mend.io/ap
1275	2025-05-03T01:38:51Z	2025-05-03T01:45:29Z	chore(deps): update dependency @swc/core to v1.11.24	This PR contains the following updates: | Package | Change | Age | Adoption | Passing | Confidence | |---|---|---|---|---|---| | [@swc/core](https://swc.rs) ([source](https://redirect.github.com/swc-project/swc)) | [`1.11.22` -> `1.11.24`](https://renovatebot.com/diffs/npm/@swc%2fcore/1.11.22/1.11.2
1274	2025-05-01T08:03:53Z	2025-05-01T08:10:01Z	fix(deps): update dependency koa to v3	This PR contains the following updates: | Package | Change | Age | Adoption | Passing | Confidence | |---|---|---|---|---|---| | [koa](https://koajs.com) ([source](https://redirect.github.com/koajs/koa)) | [`2.16.1` -> `3.0.0`](https://renovatebot.com/diffs/npm/koa/2.16.1/3.0.0) | [![age](https://de
1273	2025-04-30T21:53:24Z	2025-04-30T22:01:39Z	chore(deps): update dependency node-mocks-http to v1.17.0	This PR contains the following updates: | Package | Change | Age | Adoption | Passing | Confidence | |---|---|---|---|---|---| | [node-mocks-http](https://redirect.github.com/eugef/node-mocks-http) | [`1.16.2` -> `1.17.0`](https://renovatebot.com/diffs/npm/node-mocks-http/1.16.2/1.17.0) | [![age](ht
1272	2025-04-26T23:10:56Z	2025-04-26T23:17:04Z	chore(deps): update swc monorepo	This PR contains the following updates: | Package | Change | Age | Adoption | Passing | Confidence | |---|---|---|---|---|---| | [@swc/core](https://swc.rs) ([source](https://redirect.github.com/swc-project/swc)) | [`1.11.21` -> `1.11.22`](https://renovatebot.com/diffs/npm/@swc%2fcore/1.11.21/1.11.2
1271	2025-04-25T06:12:05Z	2025-04-25T06:17:47Z	chore(deps): update dependency eslint to v9.25.1	This PR contains the following updates: | Package | Change | Age | Adoption | Passing | Confidence | |---|---|---|---|---|---| | [eslint](https://eslint.org) ([source](https://redirect.github.com/eslint/eslint)) | [`9.25.0` -> `9.25.1`](https://renovatebot.com/diffs/npm/eslint/9.25.0/9.25.1) | [![ag
1270	2025-04-24T20:46:25Z	2025-04-24T20:55:19Z	chore(deps): update dependency eslint-import-resolver-typescript to v4.3.4	This PR contains the following updates: | Package | Change | Age | Adoption | Passing | Confidence | |---|---|---|---|---|---| | [eslint-import-resolver-typescript](https://redirect.github.com/import-js/eslint-import-resolver-typescript) | [`4.3.3` -> `4.3.4`](https://renovatebot.com/diffs/npm/eslin
1269	2025-04-23T06:41:09Z	2025-04-23T06:48:55Z	chore(deps): update dependency eslint-import-resolver-typescript to v4.3.3	This PR contains the following updates: | Package | Change | Age | Adoption | Passing | Confidence | |---|---|---|---|---|---| | [eslint-import-resolver-typescript](https://redirect.github.com/import-js/eslint-import-resolver-typescript) | [`4.3.2` -> `4.3.3`](https://renovatebot.com/diffs/npm/eslin
1266	2025-04-22T02:37:13Z	2025-04-22T02:43:25Z	chore(deps): update dependency eslint to v9.25.0	This PR contains the following updates: | Package | Change | Age | Adoption | Passing | Confidence | |---|---|---|---|---|---| | [eslint](https://eslint.org) ([source](https://redirect.github.com/eslint/eslint)) | [`9.24.0` -> `9.25.0`](https://renovatebot.com/diffs/npm/eslint/9.24.0/9.25.0) | [![ag
1265	2025-04-20T01:43:48Z	2025-04-20T01:51:32Z	chore(deps): update dependency @changesets/cli to v2.29.2	This PR contains the following updates: | Package | Change | Age | Adoption | Passing | Confidence | |---|---|---|---|---|---| | [@changesets/cli](https://redirect.github.com/changesets/changesets/tree/main#readme) ([source](https://redirect.github.com/changesets/changesets)) | [`2.29.1` -> `2.29.2`
1264	2025-04-18T22:44:10Z	2025-04-18T22:49:07Z	chore(deps): update dependency @changesets/cli to v2.29.1	This PR contains the following updates: | Package | Change | Age | Adoption | Passing | Confidence | |---|---|---|---|---|---| | [@changesets/cli](https://redirect.github.com/changesets/changesets/tree/main#readme) ([source](https://redirect.github.com/changesets/changesets)) | [`2.29.0` -> `2.29.1`
1263	2025-04-18T15:13:17Z	2025-04-18T15:20:40Z	fix(deps): update dependency open to v10.1.1	This PR contains the following updates: | Package | Change | Age | Adoption | Passing | Confidence | |---|---|---|---|---|---| | [open](https://redirect.github.com/sindresorhus/open) | [`10.1.0` -> `10.1.1`](https://renovatebot.com/diffs/npm/open/10.1.0/10.1.1) | [![age](https://developer.mend.io/ap
1262	2025-04-17T19:34:47Z	2025-04-17T19:41:51Z	chore(deps): update dependency @changesets/cli to v2.29.0	This PR contains the following updates: | Package | Change | Age | Adoption | Passing | Confidence | |---|---|---|---|---|---| | [@changesets/cli](https://redirect.github.com/changesets/changesets/tree/main#readme) ([source](https://redirect.github.com/changesets/changesets)) | [`2.28.1` -> `2.29.0`
1261	2025-04-17T11:54:12Z	2025-04-17T12:01:28Z	chore(deps): update dependency @swc/core to v1.11.21	This PR contains the following updates: | Package | Change | Age | Adoption | Passing | Confidence | |---|---|---|---|---|---| | [@swc/core](https://swc.rs) ([source](https://redirect.github.com/swc-project/swc)) | [`1.11.20` -> `1.11.21`](https://renovatebot.com/diffs/npm/@swc%2fcore/1.11.20/1.11.2
1260	2025-04-15T06:29:04Z	2025-04-15T06:36:37Z	fix(deps): update dependency @apidevtools/json-schema-ref-parser to v12	This PR contains the following updates: | Package | Change | Age | Adoption | Passing | Confidence | |---|---|---|---|---|---| | [@apidevtools/json-schema-ref-parser](https://apitools.dev/json-schema-ref-parser/) ([source](https://redirect.github.com/APIDevTools/json-schema-ref-parser)) | [`11.9.3` 
1259	2025-04-14T11:32:27Z	2025-04-14T11:40:21Z	chore(deps): update dependency @swc/core to v1.11.20	This PR contains the following updates: | Package | Change | Age | Adoption | Passing | Confidence | |---|---|---|---|---|---| | [@swc/core](https://swc.rs) ([source](https://redirect.github.com/swc-project/swc)) | [`1.11.18` -> `1.11.20`](https://renovatebot.com/diffs/npm/@swc%2fcore/1.11.18/1.11.2
1258	2025-04-11T05:51:07Z	2025-04-11T05:58:23Z	fix(deps): update dependency json-schema-faker to v0.5.9	This PR contains the following updates: | Package | Change | Age | Adoption | Passing | Confidence | |---|---|---|---|---|---| | [json-schema-faker](http://json-schema-faker.js.org) ([source](https://redirect.github.com/json-schema-faker/json-schema-faker)) | [`0.5.8` -> `0.5.9`](https://renovatebot
1257	2025-04-10T11:15:13Z	2025-04-10T11:19:18Z	chore(deps): update dependency eslint-import-resolver-typescript to v4.3.2	This PR contains the following updates: | Package | Change | Age | Adoption | Passing | Confidence | |---|---|---|---|---|---| | [eslint-import-resolver-typescript](https://redirect.github.com/import-js/eslint-import-resolver-typescript) | [`4.3.1` -> `4.3.2`](https://renovatebot.com/diffs/npm/eslin
1256	2025-04-10T11:15:06Z	2025-04-10T16:07:12Z	chore(deps): update dependency @swc/core to v1.11.18	This PR contains the following updates: | Package | Change | Age | Adoption | Passing | Confidence | |---|---|---|---|---|---| | [@swc/core](https://swc.rs) ([source](https://redirect.github.com/swc-project/swc)) | [`1.11.16` -> `1.11.18`](https://renovatebot.com/diffs/npm/@swc%2fcore/1.11.16/1.11.1
1255	2025-04-09T16:53:27Z	2025-04-09T17:00:18Z	fix(deps): update dependency koa to v2.16.1 [security]	This PR contains the following updates: | Package | Change | Age | Adoption | Passing | Confidence | |---|---|---|---|---|---| | [koa](https://redirect.github.com/koajs/koa) | [`2.16.0` -> `2.16.1`](https://renovatebot.com/diffs/npm/koa/2.16.0/2.16.1) | [![age](https://developer.mend.io/api/mc/badge
1254	2025-04-08T05:58:53Z	2025-04-08T06:06:26Z	fix(deps): update dependency typescript to v5.8.3	This PR contains the following updates: | Package | Change | Age | Adoption | Passing | Confidence | |---|---|---|---|---|---| | [typescript](https://www.typescriptlang.org/) ([source](https://redirect.github.com/microsoft/TypeScript)) | [`5.8.2` -> `5.8.3`](https://renovatebot.com/diffs/npm/typescr
1253	2025-04-07T22:11:53Z	2025-04-07T22:19:15Z	chore(deps): update dependency eslint to v9.24.0	This PR contains the following updates: | Package | Change | Age | Adoption | Passing | Confidence | |---|---|---|---|---|---| | [eslint](https://eslint.org) ([source](https://redirect.github.com/eslint/eslint)) | [`9.23.0` -> `9.24.0`](https://renovatebot.com/diffs/npm/eslint/9.23.0/9.24.0) | [![ag
1252	2025-04-05T22:12:51Z	2025-04-05T22:19:38Z	chore(deps): update dependency eslint-plugin-prettier to v5.2.6	This PR contains the following updates: | Package | Change | Age | Adoption | Passing | Confidence | |---|---|---|---|---|---| | [eslint-plugin-prettier](https://redirect.github.com/prettier/eslint-plugin-prettier) | [`5.2.5` -> `5.2.6`](https://renovatebot.com/diffs/npm/eslint-plugin-prettier/5.2.5
1251	2025-04-04T17:47:03Z	2025-04-04T17:57:00Z	chore(deps): update dependency @swc/core to v1.11.16	This PR contains the following updates: | Package | Change | Age | Adoption | Passing | Confidence | |---|---|---|---|---|---| | [@swc/core](https://swc.rs) ([source](https://redirect.github.com/swc-project/swc)) | [`1.11.13` -> `1.11.16`](https://renovatebot.com/diffs/npm/@swc%2fcore/1.11.13/1.11.1
1250	2025-04-01T22:42:06Z	2025-04-01T22:48:52Z	chore(deps): update dependency eslint-import-resolver-typescript to v4.3.1	This PR contains the following updates: | Package | Change | Age | Adoption | Passing | Confidence | |---|---|---|---|---|---| | [eslint-import-resolver-typescript](https://redirect.github.com/import-js/eslint-import-resolver-typescript) | [`4.2.7` -> `4.3.1`](https://renovatebot.com/diffs/npm/eslin
1249	2025-03-31T23:34:37Z	2025-03-31T23:40:24Z	chore(deps): update dependency eslint-import-resolver-typescript to v4.2.7	This PR contains the following updates: | Package | Change | Age | Adoption | Passing | Confidence | |---|---|---|---|---|---| | [eslint-import-resolver-typescript](https://redirect.github.com/import-js/eslint-import-resolver-typescript) | [`4.2.5` -> `4.2.7`](https://renovatebot.com/diffs/npm/eslin
1248	2025-03-30T03:00:51Z	2025-03-30T03:08:05Z	chore(deps): update dependency eslint-import-resolver-typescript to v4.2.5	This PR contains the following updates: | Package | Change | Age | Adoption | Passing | Confidence | |---|---|---|---|---|---| | [eslint-import-resolver-typescript](https://redirect.github.com/import-js/eslint-import-resolver-typescript) | [`4.2.4` -> `4.2.5`](https://renovatebot.com/diffs/npm/eslin
1247	2025-03-29T09:36:16Z	2025-03-29T09:41:41Z	chore(deps): update dependency eslint-import-resolver-typescript to v4.2.4	This PR contains the following updates: | Package | Change | Age | Adoption | Passing | Confidence | |---|---|---|---|---|---| | [eslint-import-resolver-typescript](https://redirect.github.com/import-js/eslint-import-resolver-typescript) | [`4.2.3` -> `4.2.4`](https://renovatebot.com/diffs/npm/eslin
1246	2025-03-28T19:01:30Z	2025-03-28T23:17:57Z	chore(deps): update dependency eslint-plugin-prettier to v5.2.5	This PR contains the following updates: | Package | Change | Age | Adoption | Passing | Confidence | |---|---|---|---|---|---| | [eslint-plugin-prettier](https://redirect.github.com/prettier/eslint-plugin-prettier) | [`5.2.4` -> `5.2.5`](https://renovatebot.com/diffs/npm/eslint-plugin-prettier/5.2.4
1245	2025-03-28T19:01:25Z	2025-03-28T19:05:31Z	chore(deps): update dependency eslint-import-resolver-typescript to v4.2.3	This PR contains the following updates: | Package | Change | Age | Adoption | Passing | Confidence | |---|---|---|---|---|---| | [eslint-import-resolver-typescript](https://redirect.github.com/import-js/eslint-import-resolver-typescript) | [`4.2.2` -> `4.2.3`](https://renovatebot.com/diffs/npm/eslin
1243	2025-03-27T15:08:00Z	2025-03-27T15:16:55Z	chore(deps): update dependency @swc/core to v1.11.13	This PR contains the following updates: | Package | Change | Age | Adoption | Passing | Confidence | |---|---|---|---|---|---| | [@swc/core](https://swc.rs) ([source](https://redirect.github.com/swc-project/swc)) | [`1.11.12` -> `1.11.13`](https://renovatebot.com/diffs/npm/@swc%2fcore/1.11.12/1.11.1
1242	2025-03-27T07:56:37Z	2025-03-27T08:02:42Z	chore(deps): update dependency eslint-plugin-prettier to v5.2.4	This PR contains the following updates: | Package | Change | Age | Adoption | Passing | Confidence | |---|---|---|---|---|---| | [eslint-plugin-prettier](https://redirect.github.com/prettier/eslint-plugin-prettier) | [`5.2.3` -> `5.2.4`](https://renovatebot.com/diffs/npm/eslint-plugin-prettier/5.2.3
1241	2025-03-26T21:57:16Z	2025-03-26T22:01:33Z	chore(deps): update dependency @swc/core to v1.11.12	This PR contains the following updates: | Package | Change | Age | Adoption | Passing | Confidence | |---|---|---|---|---|---| | [@swc/core](https://swc.rs) ([source](https://redirect.github.com/swc-project/swc)) | [`1.11.11` -> `1.11.12`](https://renovatebot.com/diffs/npm/@swc%2fcore/1.11.11/1.11.1
1240	2025-03-25T23:52:34Z	2025-03-26T00:03:00Z	fix an error in the docs for middleware usage	
1237	2025-03-25T02:03:16Z	2025-03-25T02:10:44Z	chore(deps): update dependency eslint to v9.23.0	This PR contains the following updates: | Package | Change | Age | Adoption | Passing | Confidence | |---|---|---|---|---|---| | [eslint](https://eslint.org) ([source](https://redirect.github.com/eslint/eslint)) | [`9.22.0` -> `9.23.0`](https://renovatebot.com/diffs/npm/eslint/9.22.0/9.23.0) | [![ag
1236	2025-03-23T22:12:47Z	2025-03-23T22:16:38Z	chore(deps): update dependency supertest to v7.1.0	This PR contains the following updates: | Package | Change | Age | Adoption | Passing | Confidence | |---|---|---|---|---|---| | [supertest](https://redirect.github.com/ladjs/supertest) | [`7.0.0` -> `7.1.0`](https://renovatebot.com/diffs/npm/supertest/7.0.0/7.1.0) | [![age](https://developer.mend.i
1235	2025-03-22T05:34:26Z	2025-03-22T05:41:38Z	chore(deps): update dependency eslint-import-resolver-typescript to v4.2.2	This PR contains the following updates: | Package | Change | Age | Adoption | Passing | Confidence | |---|---|---|---|---|---| | [eslint-import-resolver-typescript](https://redirect.github.com/import-js/eslint-import-resolver-typescript) | [`4.2.1` -> `4.2.2`](https://renovatebot.com/diffs/npm/eslin
1234	2025-03-21T09:52:34Z	2025-03-21T15:18:52Z	chore(deps): update dependency eslint-import-resolver-typescript to v4.2.1	This PR contains the following updates: | Package | Change | Age | Adoption | Passing | Confidence | |---|---|---|---|---|---| | [eslint-import-resolver-typescript](https://redirect.github.com/import-js/eslint-import-resolver-typescript) | [`4.0.0` -> `4.2.1`](https://renovatebot.com/diffs/npm/eslin
1233	2025-03-20T22:12:21Z	2025-03-20T22:16:34Z	chore(deps): update dependency eslint-plugin-file-progress to v3.0.2	This PR contains the following updates: | Package | Change | Age | Adoption | Passing | Confidence | |---|---|---|---|---|---| | [eslint-plugin-file-progress](https://redirect.github.com/sibiraj-s/eslint-plugin-file-progress) | [`3.0.1` -> `3.0.2`](https://renovatebot.com/diffs/npm/eslint-plugin-fil
1232	2025-03-20T22:12:16Z	2025-03-21T02:23:24Z	chore(deps): update dependency @swc/core to v1.11.11	This PR contains the following updates: | Package | Change | Age | Adoption | Passing | Confidence | |---|---|---|---|---|---| | [@swc/core](https://swc.rs) ([source](https://redirect.github.com/swc-project/swc)) | [`1.11.10` -> `1.11.11`](https://renovatebot.com/diffs/npm/@swc%2fcore/1.11.10/1.11.1
1231	2025-03-20T15:14:57Z	2025-03-20T15:21:56Z	chore(deps): update dependency @swc/core to v1.11.10	This PR contains the following updates: | Package | Change | Age | Adoption | Passing | Confidence | |---|---|---|---|---|---| | [@swc/core](https://swc.rs) ([source](https://redirect.github.com/swc-project/swc)) | [`1.11.9` -> `1.11.10`](https://renovatebot.com/diffs/npm/@swc%2fcore/1.11.9/1.11.10)
1230	2025-03-20T06:03:41Z	2025-03-20T06:10:44Z	chore(deps): update dependency eslint-import-resolver-typescript to v4	This PR contains the following updates: | Package | Change | Age | Adoption | Passing | Confidence | |---|---|---|---|---|---| | [eslint-import-resolver-typescript](https://redirect.github.com/import-js/eslint-import-resolver-typescript) | [`3.9.1` -> `4.0.0`](https://renovatebot.com/diffs/npm/eslin
1229	2025-03-19T16:13:00Z	2025-03-19T16:20:18Z	chore(deps): update dependency eslint-import-resolver-typescript to v3.9.1	This PR contains the following updates: | Package | Change | Age | Adoption | Passing | Confidence | |---|---|---|---|---|---| | [eslint-import-resolver-typescript](https://redirect.github.com/import-js/eslint-import-resolver-typescript) | [`3.9.0` -> `3.9.1`](https://renovatebot.com/diffs/npm/eslin
1228	2025-03-18T11:14:52Z	2025-03-18T11:19:34Z	chore(deps): update dependency eslint-import-resolver-typescript to v3.9.0	This PR contains the following updates: | Package | Change | Age | Adoption | Passing | Confidence | |---|---|---|---|---|---| | [eslint-import-resolver-typescript](https://redirect.github.com/import-js/eslint-import-resolver-typescript) | [`3.8.7` -> `3.9.0`](https://renovatebot.com/diffs/npm/eslin
1227	2025-03-16T01:58:12Z	2025-03-16T18:48:02Z	chore(deps): update dependency eslint-import-resolver-typescript to v3.8.7	This PR contains the following updates: | Package | Change | Age | Adoption | Passing | Confidence | |---|---|---|---|---|---| | [eslint-import-resolver-typescript](https://redirect.github.com/import-js/eslint-import-resolver-typescript) | [`3.8.5` -> `3.8.7`](https://renovatebot.com/diffs/npm/eslin
1226	2025-03-15T18:06:01Z	2025-03-15T18:14:36Z	chore(deps): update dependency @swc/core to v1.11.9	This PR contains the following updates: | Package | Change | Age | Adoption | Passing | Confidence | |---|---|---|---|---|---| | [@swc/core](https://swc.rs) ([source](https://redirect.github.com/swc-project/swc)) | [`1.11.8` -> `1.11.9`](https://renovatebot.com/diffs/npm/@swc%2fcore/1.11.8/1.11.9) |
1225	2025-03-15T02:24:38Z	2025-03-15T02:31:46Z	chore(deps): update dependency eslint-import-resolver-typescript to v3.8.5	This PR contains the following updates: | Package | Change | Age | Adoption | Passing | Confidence | |---|---|---|---|---|---| | [eslint-import-resolver-typescript](https://redirect.github.com/import-js/eslint-import-resolver-typescript) | [`3.8.4` -> `3.8.5`](https://renovatebot.com/diffs/npm/eslin
1224	2025-03-14T01:57:52Z	2025-03-14T02:04:53Z	chore(deps): update dependency eslint-import-resolver-typescript to v3.8.4	This PR contains the following updates: | Package | Change | Age | Adoption | Passing | Confidence | |---|---|---|---|---|---| | [eslint-import-resolver-typescript](https://redirect.github.com/import-js/eslint-import-resolver-typescript) | [`3.8.3` -> `3.8.4`](https://renovatebot.com/diffs/npm/eslin
1223	2025-03-11T05:33:45Z	2025-03-11T05:37:55Z	chore(deps): update dependency eslint to v9.22.0	This PR contains the following updates: | Package | Change | Age | Adoption | Passing | Confidence | |---|---|---|---|---|---| | [eslint](https://eslint.org) ([source](https://redirect.github.com/eslint/eslint)) | [`9.21.0` -> `9.22.0`](https://renovatebot.com/diffs/npm/eslint/9.21.0/9.22.0) | [![ag
1222	2025-03-10T22:38:18Z	2025-03-10T22:44:50Z	chore(deps): update dependency @swc/core to v1.11.8	This PR contains the following updates: | Package | Change | Age | Adoption | Passing | Confidence | |---|---|---|---|---|---| | [@swc/core](https://swc.rs) ([source](https://redirect.github.com/swc-project/swc)) | [`1.11.7` -> `1.11.8`](https://renovatebot.com/diffs/npm/@swc%2fcore/1.11.7/1.11.8) |
1221	2025-03-08T01:37:22Z	2025-03-08T01:42:04Z	chore(deps): update dependency @swc/core to v1.11.7	This PR contains the following updates: | Package | Change | Age | Adoption | Passing | Confidence | |---|---|---|---|---|---| | [@swc/core](https://swc.rs) ([source](https://redirect.github.com/swc-project/swc)) | [`1.11.6` -> `1.11.7`](https://renovatebot.com/diffs/npm/@swc%2fcore/1.11.6/1.11.7) |
1220	2025-03-07T15:33:51Z	2025-03-07T15:40:15Z	chore(deps): update dependency @swc/core to v1.11.6	This PR contains the following updates: | Package | Change | Age | Adoption | Passing | Confidence | |---|---|---|---|---|---| | [@swc/core](https://swc.rs) ([source](https://redirect.github.com/swc-project/swc)) | [`1.11.5` -> `1.11.6`](https://renovatebot.com/diffs/npm/@swc%2fcore/1.11.5/1.11.6) |
1219	2025-03-06T05:46:10Z	2025-03-07T18:06:05Z	fix(deps): update dependency recast to v0.23.11	This PR contains the following updates: | Package | Change | Age | Adoption | Passing | Confidence | |---|---|---|---|---|---| | [recast](https://redirect.github.com/benjamn/recast) | [`0.23.10` -> `0.23.11`](https://renovatebot.com/diffs/npm/recast/0.23.10/0.23.11) | [![age](https://developer.mend.
1218	2025-03-06T05:46:05Z	2025-03-06T05:52:33Z	fix(deps): update dependency prettier to v3.5.3	This PR contains the following updates: | Package | Change | Age | Adoption | Passing | Confidence | |---|---|---|---|---|---| | [prettier](https://prettier.io) ([source](https://redirect.github.com/prettier/prettier)) | [`3.5.2` -> `3.5.3`](https://renovatebot.com/diffs/npm/prettier/3.5.2/3.5.3) | 
1217	2025-03-04T16:28:51Z	2025-03-04T16:35:27Z	chore(deps): update dependency @types/lodash to v4.17.16	This PR contains the following updates: | Package | Change | Age | Adoption | Passing | Confidence | |---|---|---|---|---|---| | [@types/lodash](https://redirect.github.com/DefinitelyTyped/DefinitelyTyped/tree/master/types/lodash) ([source](https://redirect.github.com/DefinitelyTyped/DefinitelyTyped
1216	2025-03-04T02:02:29Z	2025-03-04T02:08:25Z	fix(deps): update dependency typescript to v5.8.2	This PR contains the following updates: | Package | Change | Age | Adoption | Passing | Confidence | |---|---|---|---|---|---| | [typescript](https://www.typescriptlang.org/) ([source](https://redirect.github.com/microsoft/TypeScript)) | [`5.7.3` -> `5.8.2`](https://renovatebot.com/diffs/npm/typescr
1215	2025-03-04T02:02:24Z	2025-03-04T06:13:40Z	chore(deps): update dependency @swc/core to v1.11.5	This PR contains the following updates: | Package | Change | Age | Adoption | Passing | Confidence | |---|---|---|---|---|---| | [@swc/core](https://swc.rs) ([source](https://redirect.github.com/swc-project/swc)) | [`1.11.4` -> `1.11.5`](https://renovatebot.com/diffs/npm/@swc%2fcore/1.11.4/1.11.5) |
1214	2025-03-03T07:03:49Z	2025-03-03T07:12:54Z	fix(deps): update dependency @apidevtools/json-schema-ref-parser to v11.9.3	This PR contains the following updates: | Package | Change | Age | Adoption | Passing | Confidence | |---|---|---|---|---|---| | [@apidevtools/json-schema-ref-parser](https://apitools.dev/json-schema-ref-parser/) ([source](https://redirect.github.com/APIDevTools/json-schema-ref-parser)) | [`11.9.2` 
1213	2025-03-02T22:28:37Z	2025-03-02T22:32:24Z	chore(deps): update dependency @swc/core to v1.11.4	This PR contains the following updates: | Package | Change | Age | Adoption | Passing | Confidence | |---|---|---|---|---|---| | [@swc/core](https://swc.rs) ([source](https://redirect.github.com/swc-project/swc)) | [`1.11.1` -> `1.11.4`](https://renovatebot.com/diffs/npm/@swc%2fcore/1.11.1/1.11.4) |
1212	2025-03-02T13:39:15Z	2025-03-02T13:45:59Z	fix(deps): update dependency koa to v2.16.0	This PR contains the following updates: | Package | Change | Age | Adoption | Passing | Confidence | |---|---|---|---|---|---| | [koa](https://redirect.github.com/koajs/koa) | [`2.15.4` -> `2.16.0`](https://renovatebot.com/diffs/npm/koa/2.15.4/2.16.0) | [![age](https://developer.mend.io/api/mc/badge
1211	2025-03-02T06:43:47Z	2025-03-02T06:50:05Z	fix(deps): update dependency @apidevtools/json-schema-ref-parser to v11.9.2	This PR contains the following updates: | Package | Change | Age | Adoption | Passing | Confidence | |---|---|---|---|---|---| | [@apidevtools/json-schema-ref-parser](https://apitools.dev/json-schema-ref-parser/) ([source](https://redirect.github.com/APIDevTools/json-schema-ref-parser)) | [`11.9.1` 
1210	2025-03-01T22:40:30Z	2025-03-01T22:44:28Z	fix(deps): update dependency recast to v0.23.10	This PR contains the following updates: | Package | Change | Age | Adoption | Passing | Confidence | |---|---|---|---|---|---| | [recast](https://redirect.github.com/benjamn/recast) | [`0.23.9` -> `0.23.10`](https://renovatebot.com/diffs/npm/recast/0.23.9/0.23.10) | [![age](https://developer.mend.io
1209	2025-02-28T11:26:28Z	2025-02-28T11:33:50Z	chore(deps): update dependency @swc/core to v1.11.1	This PR contains the following updates: | Package | Change | Age | Adoption | Passing | Confidence | |---|---|---|---|---|---| | [@swc/core](https://swc.rs) ([source](https://redirect.github.com/swc-project/swc)) | [`1.10.18` -> `1.11.1`](https://renovatebot.com/diffs/npm/@swc%2fcore/1.10.18/1.11.1)
1208	2025-02-25T13:23:19Z	2025-02-25T13:30:14Z	fix(deps): update dependency prettier to v3.5.2	This PR contains the following updates: | Package | Change | Age | Adoption | Passing | Confidence | |---|---|---|---|---|---| | [prettier](https://prettier.io) ([source](https://redirect.github.com/prettier/prettier)) | [`3.5.1` -> `3.5.2`](https://renovatebot.com/diffs/npm/prettier/3.5.1/3.5.2) | 
1207	2025-02-25T02:25:27Z	2025-02-25T02:30:55Z	chore(deps): update dependency eslint to v9.21.0	This PR contains the following updates: | Package | Change | Age | Adoption | Passing | Confidence | |---|---|---|---|---|---| | [eslint](https://eslint.org) ([source](https://redirect.github.com/eslint/eslint)) | [`9.20.1` -> `9.21.0`](https://renovatebot.com/diffs/npm/eslint/9.20.1/9.21.0) | [![ag
1206	2025-02-23T18:24:08Z	2025-02-23T18:28:44Z	chore(deps): update dependency eslint-import-resolver-typescript to v3.8.3	This PR contains the following updates: | Package | Change | Age | Adoption | Passing | Confidence | |---|---|---|---|---|---| | [eslint-import-resolver-typescript](https://redirect.github.com/import-js/eslint-import-resolver-typescript) | [`3.8.2` -> `3.8.3`](https://renovatebot.com/diffs/npm/eslin
1205	2025-02-23T18:24:03Z	2025-02-23T21:51:51Z	chore(deps): update dependency @changesets/cli to v2.28.1	This PR contains the following updates: | Package | Change | Age | Adoption | Passing | Confidence | |---|---|---|---|---|---| | [@changesets/cli](https://redirect.github.com/changesets/changesets/tree/main#readme) ([source](https://redirect.github.com/changesets/changesets)) | [`2.28.0` -> `2.28.1`
1204	2025-02-22T13:53:46Z	2025-02-22T14:01:00Z	chore(deps): update dependency @swc/core to v1.10.18	This PR contains the following updates: | Package | Change | Age | Adoption | Passing | Confidence | |---|---|---|---|---|---| | [@swc/core](https://swc.rs) ([source](https://redirect.github.com/swc-project/swc)) | [`1.10.17` -> `1.10.18`](https://renovatebot.com/diffs/npm/@swc%2fcore/1.10.17/1.10.1
1203	2025-02-21T23:27:24Z	2025-02-21T23:34:03Z	chore(deps): update dependency eslint-import-resolver-typescript to v3.8.2	This PR contains the following updates: | Package | Change | Age | Adoption | Passing | Confidence | |---|---|---|---|---|---| | [eslint-import-resolver-typescript](https://redirect.github.com/import-js/eslint-import-resolver-typescript) | [`3.8.1` -> `3.8.2`](https://renovatebot.com/diffs/npm/eslin
1202	2025-02-21T10:45:47Z	2025-02-21T10:50:48Z	chore(deps): update dependency @swc/core to v1.10.17	This PR contains the following updates: | Package | Change | Age | Adoption | Passing | Confidence | |---|---|---|---|---|---| | [@swc/core](https://swc.rs) ([source](https://redirect.github.com/swc-project/swc)) | [`1.10.16` -> `1.10.17`](https://renovatebot.com/diffs/npm/@swc%2fcore/1.10.16/1.10.1
1201	2025-02-21T02:09:31Z	2025-02-21T02:14:29Z	chore(deps): update dependency eslint-import-resolver-typescript to v3.8.1	This PR contains the following updates: | Package | Change | Age | Adoption | Passing | Confidence | |---|---|---|---|---|---| | [eslint-import-resolver-typescript](https://redirect.github.com/import-js/eslint-import-resolver-typescript) | [`3.8.0` -> `3.8.1`](https://renovatebot.com/diffs/npm/eslin
1200	2025-02-20T16:32:41Z	2025-02-20T16:39:21Z	chore(deps): update dependency @changesets/cli to v2.28.0	This PR contains the following updates: | Package | Change | Age | Adoption | Passing | Confidence | |---|---|---|---|---|---| | [@changesets/cli](https://redirect.github.com/changesets/changesets/tree/main#readme) ([source](https://redirect.github.com/changesets/changesets)) | [`2.27.12` -> `2.28.0
1199	2025-02-17T15:41:17Z	2025-02-17T15:47:30Z	chore(deps): update dependency eslint-import-resolver-typescript to v3.8.0	This PR contains the following updates: | Package | Change | Age | Adoption | Passing | Confidence | |---|---|---|---|---|---| | [eslint-import-resolver-typescript](https://redirect.github.com/import-js/eslint-import-resolver-typescript) | [`3.7.0` -> `3.8.0`](https://renovatebot.com/diffs/npm/eslin
1198	2025-02-16T23:03:59Z	2025-02-16T23:09:17Z	fix(deps): update dependency prettier to v3.5.1	This PR contains the following updates: | Package | Change | Age | Adoption | Passing | Confidence | |---|---|---|---|---|---| | [prettier](https://prettier.io) ([source](https://redirect.github.com/prettier/prettier)) | [`3.5.0` -> `3.5.1`](https://renovatebot.com/diffs/npm/prettier/3.5.0/3.5.1) | 
1197	2025-02-16T10:54:03Z	2025-02-16T11:01:45Z	chore(deps): update dependency @swc/core to v1.10.16	This PR contains the following updates: | Package | Change | Age | Adoption | Passing | Confidence | |---|---|---|---|---|---| | [@swc/core](https://swc.rs) ([source](https://redirect.github.com/swc-project/swc)) | [`1.10.15` -> `1.10.16`](https://renovatebot.com/diffs/npm/@swc%2fcore/1.10.15/1.10.1
1196	2025-02-16T02:46:09Z	2025-02-16T02:51:56Z	fix(deps): update dependency @apidevtools/json-schema-ref-parser to v11.9.1	This PR contains the following updates: | Package | Change | Age | Adoption | Passing | Confidence | |---|---|---|---|---|---| | [@apidevtools/json-schema-ref-parser](https://apitools.dev/json-schema-ref-parser/) ([source](https://redirect.github.com/APIDevTools/json-schema-ref-parser)) | [`11.9.0` 
1195	2025-02-14T21:44:00Z	2025-02-14T21:51:46Z	chore(deps): update dependency eslint to v9.20.1	This PR contains the following updates: | Package | Change | Age | Adoption | Passing | Confidence | |---|---|---|---|---|---| | [eslint](https://eslint.org) ([source](https://redirect.github.com/eslint/eslint)) | [`9.20.0` -> `9.20.1`](https://renovatebot.com/diffs/npm/eslint/9.20.0/9.20.1) | [![ag
1194	2025-02-12T23:09:51Z	2025-02-12T23:14:48Z	fix(deps): update dependency koa to v2.15.4 [security]	This PR contains the following updates: | Package | Change | Age | Adoption | Passing | Confidence | |---|---|---|---|---|---| | [koa](https://redirect.github.com/koajs/koa) | [`2.15.3` -> `2.15.4`](https://renovatebot.com/diffs/npm/koa/2.15.3/2.15.4) | [![age](https://developer.mend.io/api/mc/badge
1192	2025-02-12T15:14:31Z	2025-02-12T15:21:18Z	fix(deps): update dependency prettier to v3.5.0	This PR contains the following updates: | Package | Change | Age | Adoption | Passing | Confidence | |---|---|---|---|---|---| | [prettier](https://prettier.io) ([source](https://redirect.github.com/prettier/prettier)) | [`3.4.2` -> `3.5.0`](https://renovatebot.com/diffs/npm/prettier/3.4.2/3.5.0) | 
1191	2025-02-11T10:02:56Z	2025-02-11T10:08:36Z	chore(deps): update dependency @swc/core to v1.10.15	This PR contains the following updates: | Package | Change | Age | Adoption | Passing | Confidence | |---|---|---|---|---|---| | [@swc/core](https://swc.rs) ([source](https://redirect.github.com/swc-project/swc)) | [`1.10.14` -> `1.10.15`](https://renovatebot.com/diffs/npm/@swc%2fcore/1.10.14/1.10.1
1190	2025-02-11T02:03:49Z	2025-02-11T02:07:53Z	chore(deps): update dependency eslint to v9.20.0	This PR contains the following updates: | Package | Change | Age | Adoption | Passing | Confidence | |---|---|---|---|---|---| | [eslint](https://eslint.org) ([source](https://redirect.github.com/eslint/eslint)) | [`9.19.0` -> `9.20.0`](https://renovatebot.com/diffs/npm/eslint/9.19.0/9.20.0) | [![ag
1189	2025-02-09T20:32:39Z	2025-02-09T20:39:43Z	fix(deps): update dependency precinct to v12.2.0	This PR contains the following updates: | Package | Change | Age | Adoption | Passing | Confidence | |---|---|---|---|---|---| | [precinct](https://redirect.github.com/dependents/node-precinct) | [`12.1.3` -> `12.2.0`](https://renovatebot.com/diffs/npm/precinct/12.1.3/12.2.0) | [![age](https://devel
1187	2025-02-07T22:27:55Z	2025-02-09T17:00:31Z	feat: Add alwaysFakeOptionals command line option	Here is a first take on adding the --always-fake-optionals command line option. At first I tried to add the negative case where not having this true would mean optionals are undefined, but that's not a valid test since sometimes JSONSchemaFaker provides random optionals and sometimes not (which is t
1186	2025-02-07T04:34:10Z	2025-02-07T04:42:12Z	chore(deps): update dependency @swc/core to v1.10.14	This PR contains the following updates: | Package | Change | Age | Adoption | Passing | Confidence | |---|---|---|---|---|---| | [@swc/core](https://swc.rs) ([source](https://redirect.github.com/swc-project/swc)) | [`1.10.12` -> `1.10.14`](https://renovatebot.com/diffs/npm/@swc%2fcore/1.10.12/1.10.1
1184	2025-02-04T17:00:49Z	2025-02-04T17:05:20Z	fix(deps): update dependency precinct to v12.1.3	This PR contains the following updates: | Package | Change | Age | Adoption | Passing | Confidence | |---|---|---|---|---|---| | [precinct](https://redirect.github.com/dependents/node-precinct) | [`12.1.2` -> `12.1.3`](https://renovatebot.com/diffs/npm/precinct/12.1.2/12.1.3) | [![age](https://devel
1183	2025-02-02T12:26:20Z	2025-02-02T12:33:43Z	chore(deps): update dependency @swc/core to v1.10.12	This PR contains the following updates: | Package | Change | Age | Adoption | Passing | Confidence | |---|---|---|---|---|---| | [@swc/core](https://swc.rs) ([source](https://redirect.github.com/swc-project/swc)) | [`1.10.11` -> `1.10.12`](https://renovatebot.com/diffs/npm/@swc%2fcore/1.10.11/1.10.1
1182	2025-02-02T07:07:22Z	2025-02-02T07:11:36Z	fix(deps): update dependency @apidevtools/json-schema-ref-parser to v11.9.0	This PR contains the following updates: | Package | Change | Age | Adoption | Passing | Confidence | |---|---|---|---|---|---| | [@apidevtools/json-schema-ref-parser](https://apitools.dev/json-schema-ref-parser/) ([source](https://redirect.github.com/APIDevTools/json-schema-ref-parser)) | [`11.8.2` 
1181	2025-01-31T21:07:41Z	2025-01-31T21:14:30Z	fix(deps): update dependency @apidevtools/json-schema-ref-parser to v11.8.2	This PR contains the following updates: | Package | Change | Age | Adoption | Passing | Confidence | |---|---|---|---|---|---| | [@apidevtools/json-schema-ref-parser](https://apitools.dev/json-schema-ref-parser/) ([source](https://redirect.github.com/APIDevTools/json-schema-ref-parser)) | [`11.7.3` 
1180	2025-01-31T13:03:53Z	2025-01-31T13:07:54Z	chore(deps): update dependency @types/lodash to v4.17.15	This PR contains the following updates: | Package | Change | Age | Adoption | Passing | Confidence | |---|---|---|---|---|---| | [@types/lodash](https://redirect.github.com/DefinitelyTyped/DefinitelyTyped/tree/master/types/lodash) ([source](https://redirect.github.com/DefinitelyTyped/DefinitelyTyped
1179	2025-01-30T17:33:13Z	2025-01-30T17:41:23Z	chore(deps): update dependency @swc/core to v1.10.11	This PR contains the following updates: | Package | Change | Age | Adoption | Passing | Confidence | |---|---|---|---|---|---| | [@swc/core](https://swc.rs) ([source](https://redirect.github.com/swc-project/swc)) | [`1.10.9` -> `1.10.11`](https://renovatebot.com/diffs/npm/@swc%2fcore/1.10.9/1.10.11)
1178	2025-01-28T21:20:59Z	2025-01-28T21:27:22Z	chore(deps): update coverallsapp/github-action action to v2.3.6	This PR contains the following updates: | Package | Type | Update | Change | |---|---|---|---| | [coverallsapp/github-action](https://redirect.github.com/coverallsapp/github-action) | action | patch | `v2.3.5` -> `v2.3.6` | --- ### Release Notes <details> <summary>coverallsapp/github-action (coveral
1177	2025-01-28T00:45:29Z	2025-01-28T06:02:58Z	chore(deps): update dependency eslint to v9.19.0	This PR contains the following updates: | Package | Change | Age | Adoption | Passing | Confidence | |---|---|---|---|---|---| | [eslint](https://eslint.org) ([source](https://redirect.github.com/eslint/eslint)) | [`9.18.0` -> `9.19.0`](https://renovatebot.com/diffs/npm/eslint/9.18.0/9.19.0) | [![ag
1176	2025-01-28T00:45:24Z	2025-01-28T00:52:51Z	chore(deps): update coverallsapp/github-action action to v2.3.5	This PR contains the following updates: | Package | Type | Update | Change | Pending | |---|---|---|---|---| | [coverallsapp/github-action](https://redirect.github.com/coverallsapp/github-action) | action | patch | `v2.3.4` -> `v2.3.5` | `v2.3.6` | --- ### Release Notes <details> <summary>coverallsa
1175	2025-01-27T13:56:41Z	2025-01-27T14:00:53Z	chore(deps): update dependency @changesets/cli to v2.27.12	This PR contains the following updates: | Package | Change | Age | Adoption | Passing | Confidence | |---|---|---|---|---|---| | [@changesets/cli](https://redirect.github.com/changesets/changesets/tree/main#readme) ([source](https://redirect.github.com/changesets/changesets)) | [`2.27.11` -> `2.27.1
1174	2025-01-24T22:04:25Z	2025-01-24T22:10:35Z	chore(deps): update dependency @swc/core to v1.10.9	This PR contains the following updates: | Package | Change | Age | Adoption | Passing | Confidence | |---|---|---|---|---|---| | [@swc/core](https://swc.rs) ([source](https://redirect.github.com/swc-project/swc)) | [`1.10.8` -> `1.10.9`](https://renovatebot.com/diffs/npm/@swc%2fcore/1.10.8/1.10.9) |
1173	2025-01-24T05:22:02Z	2025-01-24T05:28:01Z	fix(deps): update dependency commander to v13.1.0	This PR contains the following updates: | Package | Change | Age | Adoption | Passing | Confidence | |---|---|---|---|---|---| | [commander](https://redirect.github.com/tj/commander.js) | [`13.0.0` -> `13.1.0`](https://renovatebot.com/diffs/npm/commander/13.0.0/13.1.0) | [![age](https://developer.me
1172	2025-01-22T13:32:47Z	2025-01-22T13:39:42Z	chore(deps): update dependency @swc/core to v1.10.8	This PR contains the following updates: | Package | Change | Age | Adoption | Passing | Confidence | |---|---|---|---|---|---| | [@swc/core](https://swc.rs) ([source](https://redirect.github.com/swc-project/swc)) | [`1.10.7` -> `1.10.8`](https://renovatebot.com/diffs/npm/@swc%2fcore/1.10.7/1.10.8) |
1171	2025-01-22T05:05:11Z	2025-01-22T05:12:44Z	chore(deps): update dependency eslint-plugin-prettier to v5.2.3	This PR contains the following updates: | Package | Change | Age | Adoption | Passing | Confidence | |---|---|---|---|---|---| | [eslint-plugin-prettier](https://redirect.github.com/prettier/eslint-plugin-prettier) | [`5.2.2` -> `5.2.3`](https://renovatebot.com/diffs/npm/eslint-plugin-prettier/5.2.2
1169	2025-01-18T19:15:24Z	2025-01-18T19:22:50Z	fix(deps): update dependency fs-extra to v11.3.0	This PR contains the following updates: | Package | Change | Age | Adoption | Passing | Confidence | |---|---|---|---|---|---| | [fs-extra](https://redirect.github.com/jprichardson/node-fs-extra) | [`11.2.0` -> `11.3.0`](https://renovatebot.com/diffs/npm/fs-extra/11.2.0/11.3.0) | [![age](https://dev
1167	2025-01-18T17:54:53Z	2025-01-18T21:28:05Z	Version Packages	This PR was opened by the [Changesets release](https://github.com/changesets/action) GitHub action. When you're ready to do a release, you can merge this and the packages will be published to npm automatically. If you're not ready to do a release yet, that's fine, whenever you add more changesets to
1164	2025-01-18T12:37:10Z	2025-01-18T12:46:14Z	chore(deps): update dependency eslint-plugin-prettier to v5.2.2	This PR contains the following updates: | Package | Change | Age | Adoption | Passing | Confidence | |---|---|---|---|---|---| | [eslint-plugin-prettier](https://redirect.github.com/prettier/eslint-plugin-prettier) | [`5.2.1` -> `5.2.2`](https://renovatebot.com/diffs/npm/eslint-plugin-prettier/5.2.1
1163	2025-01-18T05:08:13Z	2025-01-18T05:12:22Z	chore(deps): update dependency eslint-plugin-jest to v28.11.0	This PR contains the following updates: | Package | Change | Age | Adoption | Passing | Confidence | |---|---|---|---|---|---| | [eslint-plugin-jest](https://redirect.github.com/jest-community/eslint-plugin-jest) | [`28.10.0` -> `28.11.0`](https://renovatebot.com/diffs/npm/eslint-plugin-jest/28.10.0
1162	2025-01-17T19:25:19Z	2025-01-18T03:21:31Z	Version Packages	This PR was opened by the [Changesets release](https://github.com/changesets/action) GitHub action. When you're ready to do a release, you can merge this and the packages will be published to npm automatically. If you're not ready to do a release yet, that's fine, whenever you add more changesets to
1161	2025-01-16T23:11:35Z	2025-01-17T19:24:36Z	type fix: header should be headers (#1160)	
1159	2025-01-15T02:33:32Z	2025-01-15T02:40:13Z	chore(deps): update dependency eslint to v9.18.0	This PR contains the following updates: | Package | Change | Age | Adoption | Passing | Confidence | |---|---|---|---|---|---| | [eslint](https://eslint.org) ([source](https://redirect.github.com/eslint/eslint)) | [`9.17.0` -> `9.18.0`](https://renovatebot.com/diffs/npm/eslint/9.17.0/9.18.0) | [![ag
1158	2025-01-14T14:30:16Z	2025-01-14T14:34:07Z	chore(deps): update dependency @swc/core to v1.10.7	This PR contains the following updates: | Package | Change | Age | Adoption | Passing | Confidence | |---|---|---|---|---|---| | [@swc/core](https://swc.rs) ([source](https://redirect.github.com/swc-project/swc)) | [`1.10.6` -> `1.10.7`](https://renovatebot.com/diffs/npm/@swc%2fcore/1.10.6/1.10.7) |
1157	2025-01-12T02:19:45Z	2025-01-12T02:27:12Z	fix(deps): update dependency typescript to v5.7.3	This PR contains the following updates: | Package | Change | Age | Adoption | Passing | Confidence | |---|---|---|---|---|---| | [typescript](https://www.typescriptlang.org/) ([source](https://redirect.github.com/microsoft/TypeScript)) | [`5.7.2` -> `5.7.3`](https://renovatebot.com/diffs/npm/typescr
1156	2025-01-10T21:59:55Z	2025-01-12T06:18:02Z	chore(deps): update dependency @swc/core to v1.10.6	This PR contains the following updates: | Package | Change | Age | Adoption | Passing | Confidence | |---|---|---|---|---|---| | [@swc/core](https://swc.rs) ([source](https://redirect.github.com/swc-project/swc)) | [`1.10.4` -> `1.10.6`](https://renovatebot.com/diffs/npm/@swc%2fcore/1.10.4/1.10.6) |
1155	2025-01-07T00:49:02Z	2025-01-07T00:55:34Z	chore(deps): update dependency @types/lodash to v4.17.14	This PR contains the following updates: | Package | Change | Age | Adoption | Passing | Confidence | |---|---|---|---|---|---| | [@types/lodash](https://redirect.github.com/DefinitelyTyped/DefinitelyTyped/tree/master/types/lodash) ([source](https://redirect.github.com/DefinitelyTyped/DefinitelyTyped
1154	2025-01-02T11:03:20Z	2025-01-07T04:39:59Z	fix(deps): update dependency commander to v13	This PR contains the following updates: | Package | Change | Age | Adoption | Passing | Confidence | |---|---|---|---|---|---| | [commander](https://redirect.github.com/tj/commander.js) | [`12.1.0` -> `13.0.0`](https://renovatebot.com/diffs/npm/commander/12.1.0/13.0.0) | [![age](https://developer.me
1153	2025-01-02T06:09:46Z	2025-01-07T09:22:21Z	chore(deps): update dependency @swc/core to v1.10.4	This PR contains the following updates: | Package | Change | Age | Adoption | Passing | Confidence | |---|---|---|---|---|---| | [@swc/core](https://swc.rs) ([source](https://redirect.github.com/swc-project/swc)) | [`1.10.3` -> `1.10.4`](https://renovatebot.com/diffs/npm/@swc%2fcore/1.10.3/1.10.4) |
1151	2025-01-01T23:28:07Z		fix(deps): pin dependency package.json to 2.0.1	This PR contains the following updates: | Package | Type | Update | Change | |---|---|---|---| | [package.json](https://redirect.github.com/IonicaBizau/pkg.json) | dependencies | pin | [`^2.0.1` -> `2.0.1`](https://renovatebot.com/diffs/npm/package.json/2.0.1/2.0.1) | Add the preset `:preserveSemver
1150	2025-01-01T20:32:56Z	2025-01-01T20:39:26Z	upgrade jsonpath-plus to fix a security vulnerability (CVE-2024-21534)	
1149	2025-01-01T20:26:16Z	2025-01-01T20:30:10Z	chore(deps): pin dependency jest-retries to 1.0.1	This PR contains the following updates: | Package | Type | Update | Change | |---|---|---|---| | [jest-retries](https://redirect.github.com/bluzi/jest-retries) | devDependencies | pin | [`^1.0.1` -> `1.0.1`](https://renovatebot.com/diffs/npm/jest-retries/1.0.1/1.0.1) | Add the preset `:preserveSemve
1146	2024-12-30T22:33:06Z	2024-12-30T22:38:29Z	chore(deps): update dependency @swc/core to v1.10.3	This PR contains the following updates: | Package | Change | Age | Adoption | Passing | Confidence | |---|---|---|---|---|---| | [@swc/core](https://swc.rs) ([source](https://redirect.github.com/swc-project/swc)) | [`1.10.2` -> `1.10.3`](https://renovatebot.com/diffs/npm/@swc%2fcore/1.10.2/1.10.3) |
1145	2024-12-29T18:38:54Z	2024-12-29T18:46:26Z	chore(deps): update dependency @swc/core to v1.10.2	This PR contains the following updates: | Package | Change | Age | Adoption | Passing | Confidence | |---|---|---|---|---|---| | [@swc/core](https://swc.rs) ([source](https://redirect.github.com/swc-project/swc)) | [`1.10.1` -> `1.10.2`](https://renovatebot.com/diffs/npm/@swc%2fcore/1.10.1/1.10.2) |
1142	2024-12-23T21:54:56Z	2025-01-02T17:58:26Z	Version Packages	This PR was opened by the [Changesets release](https://github.com/changesets/action) GitHub action. When you're ready to do a release, you can merge this and the packages will be published to npm automatically. If you're not ready to do a release yet, that's fine, whenever you add more changesets to
1139	2024-12-23T21:05:39Z	2024-12-23T21:54:23Z	path parameters are always strings	Fixes #1116  Counterfact looks at OpenAPI spec to determine the types of parameters in the query, path, or headers and make sure they are parsed to the correct type at runtime (string, number, or boolean -- we don't support arrays yet).  When using OpenAPI / Swagger v2, the types of parameters are i
1138	2024-12-22T22:51:10Z	2024-12-23T22:49:46Z	chore(deps): update dependency eslint-plugin-jest to v28.10.0	This PR contains the following updates: | Package | Change | Age | Adoption | Passing | Confidence | |---|---|---|---|---|---| | [eslint-plugin-jest](https://redirect.github.com/jest-community/eslint-plugin-jest) | [`28.9.0` -> `28.10.0`](https://renovatebot.com/diffs/npm/eslint-plugin-jest/28.9.0/2
1137	2024-12-21T10:27:47Z	2024-12-23T22:00:17Z	chore(deps): update dependency @changesets/cli to v2.27.11	This PR contains the following updates: | Package | Change | Age | Adoption | Passing | Confidence | |---|---|---|---|---|---| | [@changesets/cli](https://redirect.github.com/changesets/changesets/tree/main#readme) ([source](https://redirect.github.com/changesets/changesets)) | [`2.27.10` -> `2.27.1
1136	2024-12-19T23:54:36Z	2024-12-23T22:21:25Z	fix(deps): update dependency chokidar to v4.0.3	This PR contains the following updates: | Package | Change | Age | Adoption | Passing | Confidence | |---|---|---|---|---|---| | [chokidar](https://redirect.github.com/paulmillr/chokidar) | [`4.0.1` -> `4.0.3`](https://renovatebot.com/diffs/npm/chokidar/4.0.1/4.0.3) | [![age](https://developer.mend.
1135	2024-12-17T01:08:06Z	2024-12-23T22:15:30Z	chore(deps): update dependency eslint to v9.17.0	This PR contains the following updates: | Package | Change | Age | Adoption | Passing | Confidence | |---|---|---|---|---|---| | [eslint](https://eslint.org) ([source](https://redirect.github.com/eslint/eslint)) | [`9.16.0` -> `9.17.0`](https://renovatebot.com/diffs/npm/eslint/9.16.0/9.17.0) | [![ag
1134	2024-12-16T17:20:42Z	2024-12-23T22:33:38Z	chore(deps): update dependency nodemon to v3.1.9	This PR contains the following updates: | Package | Change | Age | Adoption | Passing | Confidence | |---|---|---|---|---|---| | [nodemon](https://nodemon.io) ([source](https://redirect.github.com/remy/nodemon)) | [`3.1.7` -> `3.1.9`](https://renovatebot.com/diffs/npm/nodemon/3.1.7/3.1.9) | [![age](
1133	2024-12-14T12:26:28Z	2024-12-23T22:08:17Z	chore(deps): update stryker-js monorepo to v8.7.1	This PR contains the following updates: | Package | Change | Age | Adoption | Passing | Confidence | |---|---|---|---|---|---| | [@stryker-mutator/core](https://stryker-mutator.io/) ([source](https://redirect.github.com/stryker-mutator/stryker-js/tree/HEAD/packages/core)) | [`8.7.0` -> `8.7.1`](http
1132	2024-12-13T18:58:43Z	2024-12-23T22:39:14Z	chore(deps): update dependency node-mocks-http to v1.16.2	This PR contains the following updates: | Package | Change | Age | Adoption | Passing | Confidence | |---|---|---|---|---|---| | [node-mocks-http](https://redirect.github.com/eugef/node-mocks-http) | [`1.16.1` -> `1.16.2`](https://renovatebot.com/diffs/npm/node-mocks-http/1.16.1/1.16.2) | [![age](ht
1131	2024-12-12T14:48:15Z	2024-12-12T14:54:06Z	chore(deps): update dependency @swc/core to v1.10.1	This PR contains the following updates: | Package | Change | Age | Adoption | Passing | Confidence | |---|---|---|---|---|---| | [@swc/core](https://swc.rs) ([source](https://redirect.github.com/swc-project/swc)) | [`1.10.0` -> `1.10.1`](https://renovatebot.com/diffs/npm/@swc%2fcore/1.10.0/1.10.1) |
1130	2024-12-09T16:09:25Z	2024-12-09T16:15:09Z	fix(deps): update dependency debug to v4.4.0	This PR contains the following updates: | Package | Change | Age | Adoption | Passing | Confidence | |---|---|---|---|---|---| | [debug](https://redirect.github.com/debug-js/debug) | [`4.3.7` -> `4.4.0`](https://renovatebot.com/diffs/npm/debug/4.3.7/4.4.0) | [![age](https://developer.mend.io/api/mc/
1129	2024-12-09T16:09:19Z	2024-12-09T20:52:59Z	chore(deps): update stryker-js monorepo to v8.7.0	This PR contains the following updates: | Package | Change | Age | Adoption | Passing | Confidence | |---|---|---|---|---|---| | [@stryker-mutator/core](https://stryker-mutator.io/) ([source](https://redirect.github.com/stryker-mutator/stryker-js/tree/HEAD/packages/core)) | [`8.6.0` -> `8.7.0`](http
1128	2024-12-09T05:43:23Z	2024-12-09T05:50:35Z	fix(deps): update dependency @apidevtools/json-schema-ref-parser to v11.7.3	This PR contains the following updates: | Package | Change | Age | Adoption | Passing | Confidence | |---|---|---|---|---|---| | [@apidevtools/json-schema-ref-parser](https://apitools.dev/json-schema-ref-parser/) ([source](https://redirect.github.com/APIDevTools/json-schema-ref-parser)) | [`11.7.2` 
1127	2024-12-07T10:19:25Z	2024-12-07T10:25:21Z	chore(deps): update dependency @swc/core to v1.10.0	This PR contains the following updates: | Package | Change | Age | Adoption | Passing | Confidence | |---|---|---|---|---|---| | [@swc/core](https://swc.rs) ([source](https://redirect.github.com/swc-project/swc)) | [`1.9.3` -> `1.10.0`](https://renovatebot.com/diffs/npm/@swc%2fcore/1.9.3/1.10.0) | [
1126	2024-12-07T10:19:20Z	2024-12-07T12:31:14Z	fix(deps): update dependency prettier to v3.4.2	This PR contains the following updates: | Package | Change | Age | Adoption | Passing | Confidence | |---|---|---|---|---|---| | [prettier](https://prettier.io) ([source](https://redirect.github.com/prettier/prettier)) | [`3.4.1` -> `3.4.2`](https://renovatebot.com/diffs/npm/prettier/3.4.1/3.4.2) | 
1125	2024-12-06T19:19:13Z	2024-12-06T19:23:09Z	chore(deps): update dependency eslint-import-resolver-typescript to v3.7.0	This PR contains the following updates: | Package | Change | Age | Adoption | Passing | Confidence | |---|---|---|---|---|---| | [eslint-import-resolver-typescript](https://redirect.github.com/import-js/eslint-import-resolver-typescript) | [`3.6.3` -> `3.7.0`](https://renovatebot.com/diffs/npm/eslin
1124	2024-12-03T01:05:51Z	2024-12-04T18:39:50Z	chore(deps): update dependency eslint to v9.16.0	This PR contains the following updates: | Package | Change | Age | Adoption | Passing | Confidence | |---|---|---|---|---|---| | [eslint](https://eslint.org) ([source](https://redirect.github.com/eslint/eslint)) | [`9.15.0` -> `9.16.0`](https://renovatebot.com/diffs/npm/eslint/9.15.0/9.16.0) | [![ag
1123	2024-11-29T15:40:10Z	2024-11-29T15:46:09Z	fix(deps): update dependency prettier to v3.4.1	This PR contains the following updates: | Package | Change | Age | Adoption | Passing | Confidence | |---|---|---|---|---|---| | [prettier](https://prettier.io) ([source](https://redirect.github.com/prettier/prettier)) | [`3.4.0` -> `3.4.1`](https://renovatebot.com/diffs/npm/prettier/3.4.0/3.4.1) | 
1122	2024-11-29T11:23:12Z	2024-11-29T11:28:53Z	fix(deps): update dependency prettier to v3.4.0	This PR contains the following updates: | Package | Change | Age | Adoption | Passing | Confidence | |---|---|---|---|---|---| | [prettier](https://prettier.io) ([source](https://redirect.github.com/prettier/prettier)) | [`3.3.3` -> `3.4.0`](https://renovatebot.com/diffs/npm/prettier/3.3.3/3.4.0) | 
1120	2024-11-25T22:20:00Z	2024-11-25T22:25:11Z	fix(deps): update dependency typescript to v5.7.2	This PR contains the following updates: | Package | Change | Age | Adoption | Passing | Confidence | |---|---|---|---|---|---| | [typescript](https://www.typescriptlang.org/) ([source](https://redirect.github.com/microsoft/TypeScript)) | [`5.6.3` -> `5.7.2`](https://renovatebot.com/diffs/npm/typescr
1119	2024-11-25T12:22:13Z	2024-11-25T12:28:13Z	chore(deps): update dependency @swc/core to v1.9.3	This PR contains the following updates: | Package | Change | Age | Adoption | Passing | Confidence | |---|---|---|---|---|---| | [@swc/core](https://swc.rs) ([source](https://redirect.github.com/swc-project/swc)) | [`1.9.2` -> `1.9.3`](https://renovatebot.com/diffs/npm/@swc%2fcore/1.9.2/1.9.3) | [![
1118	2024-11-23T13:56:42Z	2024-11-23T14:03:01Z	chore(deps): update dependency @changesets/cli to v2.27.10	This PR contains the following updates: | Package | Change | Age | Adoption | Passing | Confidence | |---|---|---|---|---|---| | [@changesets/cli](https://redirect.github.com/changesets/changesets/tree/main#readme) ([source](https://redirect.github.com/changesets/changesets)) | [`2.27.9` -> `2.27.10
1117	2024-11-22T21:41:01Z	2024-11-23T00:14:27Z	Version Packages	This PR was opened by the [Changesets release](https://github.com/changesets/action) GitHub action. When you're ready to do a release, you can merge this and the packages will be published to npm automatically. If you're not ready to do a release yet, that's fine, whenever you add more changesets to
1115	2024-11-21T18:31:56Z	2024-11-21T18:39:13Z	chore(deps): update dependency husky to v9.1.7	This PR contains the following updates: | Package | Change | Age | Adoption | Passing | Confidence | |---|---|---|---|---|---| | [husky](https://redirect.github.com/typicode/husky) | [`9.1.6` -> `9.1.7`](https://renovatebot.com/diffs/npm/husky/9.1.6/9.1.7) | [![age](https://developer.mend.io/api/mc/
1114	2024-11-21T07:26:50Z	2024-11-21T07:34:58Z	fix(deps): update dependency koa2-swagger-ui to v5.11.0	This PR contains the following updates: | Package | Change | Age | Adoption | Passing | Confidence | |---|---|---|---|---|---| | [koa2-swagger-ui](https://redirect.github.com/scttcper/koa2-swagger-ui) | [`5.10.0` -> `5.11.0`](https://renovatebot.com/diffs/npm/koa2-swagger-ui/5.10.0/5.11.0) | [![age]
1113	2024-11-21T00:44:46Z	2024-11-21T00:51:21Z	chore(deps): update dependency eslint-plugin-jest-dom to v5.5.0	This PR contains the following updates: | Package | Change | Age | Adoption | Passing | Confidence | |---|---|---|---|---|---| | [eslint-plugin-jest-dom](https://redirect.github.com/testing-library/eslint-plugin-jest-dom) | [`5.4.0` -> `5.5.0`](https://renovatebot.com/diffs/npm/eslint-plugin-jest-do
1112	2024-11-18T22:28:12Z	2024-11-18T22:35:40Z	chore(deps): update dependency eslint to v9.15.0	This PR contains the following updates: | Package | Change | Age | Adoption | Passing | Confidence | |---|---|---|---|---|---| | [eslint](https://eslint.org) ([source](https://redirect.github.com/eslint/eslint)) | [`9.14.0` -> `9.15.0`](https://renovatebot.com/diffs/npm/eslint/9.14.0/9.15.0) | [![ag
1111	2024-11-14T07:38:56Z	2024-11-14T07:42:43Z	chore(deps): update dependency @swc/core to v1.9.2	This PR contains the following updates: | Package | Change | Age | Adoption | Passing | Confidence | |---|---|---|---|---|---| | [@swc/core](https://swc.rs) ([source](https://redirect.github.com/swc-project/swc)) | [`1.9.1` -> `1.9.2`](https://renovatebot.com/diffs/npm/@swc%2fcore/1.9.1/1.9.2) | [![
1110	2024-11-12T11:53:41Z	2024-11-12T11:59:30Z	chore(deps): update dependency eslint-plugin-file-progress to v3.0.1	This PR contains the following updates: | Package | Change | Age | Adoption | Passing | Confidence | |---|---|---|---|---|---| | [eslint-plugin-file-progress](https://redirect.github.com/sibiraj-s/eslint-plugin-file-progress) | [`3.0.0` -> `3.0.1`](https://renovatebot.com/diffs/npm/eslint-plugin-fil
1109	2024-11-10T21:49:11Z	2024-11-14T09:57:22Z	fix(deps): update dependency json-schema-faker to v0.5.8	This PR contains the following updates: | Package | Change | Age | Adoption | Passing | Confidence | |---|---|---|---|---|---| | [json-schema-faker](http://json-schema-faker.js.org) ([source](https://redirect.github.com/json-schema-faker/json-schema-faker)) | [`0.5.7` -> `0.5.8`](https://renovatebot
1108	2024-11-09T18:51:27Z	2024-11-09T18:56:24Z	chore(deps): update dependency @swc/core to v1.9.1	This PR contains the following updates: | Package | Change | Age | Adoption | Passing | Confidence | |---|---|---|---|---|---| | [@swc/core](https://swc.rs) ([source](https://redirect.github.com/swc-project/swc)) | [`1.8.0` -> `1.9.1`](https://renovatebot.com/diffs/npm/@swc%2fcore/1.8.0/1.9.1) | [![
1107	2024-11-09T01:40:24Z	2024-11-09T01:46:12Z	chore(deps): update dependency eslint-plugin-jest to v28.9.0	This PR contains the following updates: | Package | Change | Age | Adoption | Passing | Confidence | |---|---|---|---|---|---| | [eslint-plugin-jest](https://redirect.github.com/jest-community/eslint-plugin-jest) | [`28.8.3` -> `28.9.0`](https://renovatebot.com/diffs/npm/eslint-plugin-jest/28.8.3/28
1106	2024-11-08T06:40:02Z	2025-01-01T23:31:42Z	[Snyk] Security upgrade json-schema-faker from 0.5.6 to 0.5.8	![snyk-top-banner](https://github.com/andygongea/OWASP-Benchmark/assets/818805/c518c423-16fe-447e-b67f-ad5a49b5d123) ### Snyk has created this PR to fix 1 vulnerabilities in the yarn dependencies of this project. #### Snyk changed the following file(s): - `package.json` - `yarn.lock` #### Note for [
1104	2024-11-07T19:34:01Z	2024-11-10T00:19:01Z	chore(deps): update dependency eslint-plugin-file-progress to v3	This PR contains the following updates: | Package | Change | Age | Adoption | Passing | Confidence | |---|---|---|---|---|---| | [eslint-plugin-file-progress](https://redirect.github.com/sibiraj-s/eslint-plugin-file-progress) | [`1.5.0` -> `3.0.0`](https://renovatebot.com/diffs/npm/eslint-plugin-fil
1103	2024-11-07T06:59:34Z	2024-11-07T07:06:16Z	chore(deps): update dependency @swc/core to v1.8.0	This PR contains the following updates: | Package | Change | Age | Adoption | Passing | Confidence | |---|---|---|---|---|---| | [@swc/core](https://swc.rs) ([source](https://redirect.github.com/swc-project/swc)) | [`1.7.42` -> `1.8.0`](https://renovatebot.com/diffs/npm/@swc%2fcore/1.7.42/1.8.0) | [
1102	2024-11-06T00:36:31Z	2024-11-09T03:49:20Z	fix(deps): update dependency json-schema-faker to v0.5.7	This PR contains the following updates: | Package | Change | Age | Adoption | Passing | Confidence | |---|---|---|---|---|---| | [json-schema-faker](http://json-schema-faker.js.org) ([source](https://redirect.github.com/json-schema-faker/json-schema-faker)) | [`0.5.6` -> `0.5.7`](https://renovatebot
1101	2024-11-04T22:24:39Z	2024-11-04T22:28:45Z	chore(deps): update dependency eslint to v9.14.0	This PR contains the following updates: | Package | Change | Age | Adoption | Passing | Confidence | |---|---|---|---|---|---| | [eslint](https://eslint.org) ([source](https://redirect.github.com/eslint/eslint)) | [`9.13.0` -> `9.14.0`](https://renovatebot.com/diffs/npm/eslint/9.13.0/9.14.0) | [![ag
1100	2024-11-03T09:10:15Z	2024-11-03T09:16:34Z	chore(deps): update dependency @swc/core to v1.7.42	This PR contains the following updates: | Package | Change | Age | Adoption | Passing | Confidence | |---|---|---|---|---|---| | [@swc/core](https://swc.rs) ([source](https://redirect.github.com/swc-project/swc)) | [`1.7.40` -> `1.7.42`](https://renovatebot.com/diffs/npm/@swc%2fcore/1.7.40/1.7.42) |
1099	2024-11-02T15:29:15Z	2024-11-22T21:39:38Z	fixes to make sure $ref is followed	- **change async requirementAt() to sync getRequirement()** - updates so that `Requirement#get()` and `Requirement#select()` follow `$ref`s I think this is correct based on the tests I added, but there's one piece where `~` and `/` are escaped / unescaped that's confusing me. 
1098	2024-11-02T03:40:33Z	2024-11-02T12:44:18Z	chore(deps): update dependency @types/lodash to v4.17.13	This PR contains the following updates: | Package | Change | Age | Adoption | Passing | Confidence | |---|---|---|---|---|---| | [@types/lodash](https://redirect.github.com/DefinitelyTyped/DefinitelyTyped/tree/master/types/lodash) ([source](https://redirect.github.com/DefinitelyTyped/DefinitelyTyped
1097	2024-10-29T15:22:54Z	2024-11-02T10:54:00Z	chore(deps): update swc monorepo	This PR contains the following updates: | Package | Change | Age | Adoption | Passing | Confidence | |---|---|---|---|---|---| | [@swc/core](https://swc.rs) ([source](https://redirect.github.com/swc-project/swc)) | [`1.7.39` -> `1.7.40`](https://renovatebot.com/diffs/npm/@swc%2fcore/1.7.39/1.7.40) |
1096	2024-10-28T01:03:40Z	2024-11-02T15:35:38Z	chore(deps): update coverallsapp/github-action action to v2.3.4	This PR contains the following updates: | Package | Type | Update | Change | |---|---|---|---| | [coverallsapp/github-action](https://redirect.github.com/coverallsapp/github-action) | action | patch | `v2.3.3` -> `v2.3.4` | --- ### Release Notes <details> <summary>coverallsapp/github-action (coveral
1095	2024-10-26T06:54:08Z	2024-10-26T06:58:10Z	chore(deps): update dependency @types/jest to v29.5.14	This PR contains the following updates: | Package | Change | Age | Adoption | Passing | Confidence | |---|---|---|---|---|---| | [@types/jest](https://redirect.github.com/DefinitelyTyped/DefinitelyTyped/tree/master/types/jest) ([source](https://redirect.github.com/DefinitelyTyped/DefinitelyTyped/tre
1094	2024-10-25T07:58:38Z	2024-10-25T08:04:03Z	chore(deps): update dependency @swc/core to v1.7.39	This PR contains the following updates: | Package | Change | Age | Adoption | Passing | Confidence | |---|---|---|---|---|---| | [@swc/core](https://swc.rs) ([source](https://redirect.github.com/swc-project/swc)) | [`1.7.36` -> `1.7.39`](https://renovatebot.com/diffs/npm/@swc%2fcore/1.7.36/1.7.39) |
1093	2024-10-22T02:12:53Z	2024-10-22T02:18:58Z	chore(deps): update dependency eslint to v9.13.0	This PR contains the following updates: | Package | Change | Age | Adoption | Passing | Confidence | |---|---|---|---|---|---| | [eslint](https://eslint.org) ([source](https://redirect.github.com/eslint/eslint)) | [`9.12.0` -> `9.13.0`](https://renovatebot.com/diffs/npm/eslint/9.12.0/9.13.0) | [![ag
1092	2024-10-21T15:13:51Z	2024-10-22T10:39:55Z	chore(deps): update dependency @types/lodash to v4.17.12	This PR contains the following updates: | Package | Change | Age | Adoption | Passing | Confidence | |---|---|---|---|---|---| | [@types/lodash](https://redirect.github.com/DefinitelyTyped/DefinitelyTyped/tree/master/types/lodash) ([source](https://redirect.github.com/DefinitelyTyped/DefinitelyTyped
1090	2024-10-20T00:16:52Z	2024-10-20T00:23:43Z	chore(deps): update coverallsapp/github-action action to v2.3.3	This PR contains the following updates: | Package | Type | Update | Change | |---|---|---|---| | [coverallsapp/github-action](https://redirect.github.com/coverallsapp/github-action) | action | patch | `v2.3.2` -> `v2.3.3` | --- ### Release Notes <details> <summary>coverallsapp/github-action (coveral
1088	2024-10-18T19:39:01Z	2024-10-18T23:23:32Z	chore(deps): update dependency @swc/core to v1.7.36	This PR contains the following updates: | Package | Change | Age | Adoption | Passing | Confidence | |---|---|---|---|---|---| | [@swc/core](https://swc.rs) ([source](https://redirect.github.com/swc-project/swc)) | [`1.7.35` -> `1.7.36`](https://renovatebot.com/diffs/npm/@swc%2fcore/1.7.35/1.7.36) |
1087	2024-10-18T19:38:56Z	2024-10-18T19:45:59Z	chore(deps): update coverallsapp/github-action action to v2.3.2	This PR contains the following updates: | Package | Type | Update | Change | Pending | |---|---|---|---|---| | [coverallsapp/github-action](https://redirect.github.com/coverallsapp/github-action) | action | patch | `v2.3.1` -> `v2.3.2` | `v2.3.3` | --- ### Release Notes <details> <summary>coverallsa
1082	2024-10-15T10:26:27Z	2024-10-15T10:53:53Z	Version Packages	This PR was opened by the [Changesets release](https://github.com/changesets/action) GitHub action. When you're ready to do a release, you can merge this and the packages will be published to npm automatically. If you're not ready to do a release yet, that's fine, whenever you add more changesets to
1081	2024-10-15T00:44:29Z	2024-10-15T10:25:55Z	fix vscode link on windows - fixes #1058	
1080	2024-10-14T00:43:22Z	2024-10-14T00:47:30Z	fix(deps): update dependency @apidevtools/json-schema-ref-parser to v11.7.2	This PR contains the following updates: | Package | Change | Age | Adoption | Passing | Confidence | |---|---|---|---|---|---| | [@apidevtools/json-schema-ref-parser](https://apitools.dev/json-schema-ref-parser/) ([source](https://redirect.github.com/APIDevTools/json-schema-ref-parser)) | [`11.7.0` 
1079	2024-10-14T00:43:17Z	2024-10-14T03:18:58Z	chore(deps): update coverallsapp/github-action action to v2.3.1	This PR contains the following updates: | Package | Type | Update | Change | |---|---|---|---| | [coverallsapp/github-action](https://redirect.github.com/coverallsapp/github-action) | action | patch | `v2.3.0` -> `v2.3.1` | --- ### Release Notes <details> <summary>coverallsapp/github-action (coveral
1078	2024-10-13T13:48:52Z	2024-10-13T13:56:08Z	chore(deps): update dependency @swc/core to v1.7.35	This PR contains the following updates: | Package | Change | Age | Adoption | Passing | Confidence | |---|---|---|---|---|---| | [@swc/core](https://swc.rs) ([source](https://redirect.github.com/swc-project/swc)) | [`1.7.28` -> `1.7.35`](https://renovatebot.com/diffs/npm/@swc%2fcore/1.7.28/1.7.35) |
1077	2024-10-12T00:37:44Z	2024-10-12T00:43:34Z	fix(deps): update dependency typescript to v5.6.3	This PR contains the following updates: | Package | Change | Age | Adoption | Passing | Confidence | |---|---|---|---|---|---| | [typescript](https://www.typescriptlang.org/) ([source](https://redirect.github.com/microsoft/TypeScript)) | [`5.6.2` -> `5.6.3`](https://renovatebot.com/diffs/npm/typescr
1076	2024-10-10T19:17:27Z	2024-10-10T19:24:06Z	Version Packages	This PR was opened by the [Changesets release](https://github.com/changesets/action) GitHub action. When you're ready to do a release, you can merge this and the packages will be published to npm automatically. If you're not ready to do a release yet, that's fine, whenever you add more changesets to
1075	2024-10-10T13:43:28Z	2024-10-10T13:51:09Z	chore(deps): update dependency @swc/core to v1.7.28	This PR contains the following updates: | Package | Change | Age | Adoption | Passing | Confidence | |---|---|---|---|---|---| | [@swc/core](https://swc.rs) ([source](https://redirect.github.com/swc-project/swc)) | [`1.7.26` -> `1.7.28`](https://renovatebot.com/diffs/npm/@swc%2fcore/1.7.26/1.7.28) |
1074	2024-10-09T16:44:35Z	2024-10-10T19:16:49Z	fix(server): Add support for directories with multiple wildcard children	Updates the logic in `module-tree.ts` to support a path that has multiple children that are wildcards at the same segment position. E.g.: `/myPets/{petName}/health` `/myPets/{petId}/records` The PR also updates the logic in `module-tree.ts` to support a path that has multiple wildcard files at the s
1073	2024-10-08T00:08:06Z	2024-10-08T00:13:00Z	chore(deps): update dependency eslint to v9.12.0	This PR contains the following updates: | Package | Change | Age | Adoption | Passing | Confidence | |---|---|---|---|---|---| | [eslint](https://eslint.org) ([source](https://redirect.github.com/eslint/eslint)) | [`9.11.1` -> `9.12.0`](https://renovatebot.com/diffs/npm/eslint/9.11.1/9.12.0) | [![ag
1072	2024-10-07T16:21:28Z	2024-10-07T16:26:51Z	chore(deps): update dependency node-mocks-http to v1.16.1	This PR contains the following updates: | Package | Change | Age | Adoption | Passing | Confidence | |---|---|---|---|---|---| | [node-mocks-http](https://redirect.github.com/eugef/node-mocks-http) | [`1.16.0` -> `1.16.1`](https://renovatebot.com/diffs/npm/node-mocks-http/1.16.0/1.16.1) | [![age](ht
1071	2024-10-06T21:02:13Z	2024-10-06T21:05:52Z	chore(deps): update dependency @changesets/cli to v2.27.9	This PR contains the following updates: | Package | Change | Age | Adoption | Passing | Confidence | |---|---|---|---|---|---| | [@changesets/cli](https://redirect.github.com/changesets/changesets/tree/main#readme) ([source](https://redirect.github.com/changesets/changesets)) | [`2.27.8` -> `2.27.9`
1070	2024-10-06T12:55:30Z	2024-10-06T12:59:00Z	chore(deps): update dependency eslint-plugin-import to v2.31.0	This PR contains the following updates: | Package | Change | Age | Adoption | Passing | Confidence | |---|---|---|---|---|---| | [eslint-plugin-import](https://redirect.github.com/import-js/eslint-plugin-import) | [`2.30.0` -> `2.31.0`](https://renovatebot.com/diffs/npm/eslint-plugin-import/2.30.0/2
1069	2024-10-06T12:55:25Z	2024-10-06T16:27:49Z	chore(deps): update dependency @types/lodash to v4.17.10	This PR contains the following updates: | Package | Change | Age | Adoption | Passing | Confidence | |---|---|---|---|---|---| | [@types/lodash](https://redirect.github.com/DefinitelyTyped/DefinitelyTyped/tree/master/types/lodash) ([source](https://redirect.github.com/DefinitelyTyped/DefinitelyTyped
1068	2024-10-03T21:23:37Z	2024-10-03T21:27:27Z	lint *.test.ts files	fixes #858 
1067	2024-10-02T23:25:02Z	2024-10-02T23:34:47Z	fix(deps): update dependency chokidar to v4.0.1	This PR contains the following updates: | Package | Change | Age | Adoption | Passing | Confidence | |---|---|---|---|---|---| | [chokidar](https://redirect.github.com/paulmillr/chokidar) | [`4.0.0` -> `4.0.1`](https://renovatebot.com/diffs/npm/chokidar/4.0.0/4.0.1) | [![age](https://developer.mend.
1065	2024-10-02T22:41:14Z	2024-10-02T22:45:37Z	chore(deps): update stryker-js monorepo to v8.6.0	This PR contains the following updates: | Package | Change | Age | Adoption | Passing | Confidence | |---|---|---|---|---|---| | [@stryker-mutator/core](https://stryker-mutator.io/) ([source](https://redirect.github.com/stryker-mutator/stryker-js/tree/HEAD/packages/core)) | [`8.5.0` -> `8.6.0`](http
1062	2024-10-02T21:10:36Z	2024-10-02T21:42:36Z	map index.ts to / -- fixes #1056	
1061	2024-10-02T17:55:09Z	2024-10-02T18:10:24Z	Version Packages	This PR was opened by the [Changesets release](https://github.com/changesets/action) GitHub action. When you're ready to do a release, you can merge this and the packages will be published to npm automatically. If you're not ready to do a release yet, that's fine, whenever you add more changesets to
1060	2024-10-02T17:42:53Z	2024-10-02T17:54:36Z	fix an issue where request body type is not found when consumes is in the root	
1059	2024-10-02T15:08:38Z	2024-10-02T15:20:52Z	fix the docs for quickstart	
1055	2024-09-27T03:20:42Z	2024-09-27T03:25:53Z	chore(deps): update dependency eslint to v9.11.1	This PR contains the following updates: | Package | Change | Age | Adoption | Passing | Confidence | |---|---|---|---|---|---| | [eslint](https://eslint.org) ([source](https://redirect.github.com/eslint/eslint)) | [`9.11.0` -> `9.11.1`](https://renovatebot.com/diffs/npm/eslint/9.11.0/9.11.1) | [![ag
1054	2024-09-26T21:55:10Z	2024-09-26T22:01:21Z	chore(deps): update dependency @types/lodash to v4.17.9	This PR contains the following updates: | Package | Change | Age | Adoption | Passing | Confidence | |---|---|---|---|---|---| | [@types/lodash](https://redirect.github.com/DefinitelyTyped/DefinitelyTyped/tree/master/types/lodash) ([source](https://redirect.github.com/DefinitelyTyped/DefinitelyTyped
1053	2024-09-24T02:40:05Z	2024-09-24T02:44:54Z	chore(deps): update dependency nodemon to v3.1.7	This PR contains the following updates: | Package | Change | Age | Adoption | Passing | Confidence | |---|---|---|---|---|---| | [nodemon](https://nodemon.io) ([source](https://redirect.github.com/remy/nodemon)) | [`3.1.6` -> `3.1.7`](https://renovatebot.com/diffs/npm/nodemon/3.1.6/3.1.7) | [![age](
1052	2024-09-23T18:41:24Z	2024-09-23T18:49:42Z	chore(deps): update dependency eslint to v9.11.0	This PR contains the following updates: | Package | Change | Age | Adoption | Passing | Confidence | |---|---|---|---|---|---| | [eslint](https://eslint.org) ([source](https://redirect.github.com/eslint/eslint)) | [`9.10.0` -> `9.11.0`](https://renovatebot.com/diffs/npm/eslint/9.10.0/9.11.0) | [![ag
1051	2024-09-22T15:56:54Z	2024-09-22T16:03:35Z	chore(deps): update dependency nodemon to v3.1.6	This PR contains the following updates: | Package | Change | Age | Adoption | Passing | Confidence | |---|---|---|---|---|---| | [nodemon](https://nodemon.io) ([source](https://redirect.github.com/remy/nodemon)) | [`3.1.5` -> `3.1.6`](https://renovatebot.com/diffs/npm/nodemon/3.1.5/3.1.6) | [![age](
1050	2024-09-20T21:57:13Z	2024-09-20T22:01:23Z	chore(deps): update dependency nodemon to v3.1.5	This PR contains the following updates: | Package | Change | Age | Adoption | Passing | Confidence | |---|---|---|---|---|---| | [nodemon](https://nodemon.io) ([source](https://redirect.github.com/remy/nodemon)) | [`3.1.4` -> `3.1.5`](https://renovatebot.com/diffs/npm/nodemon/3.1.4/3.1.5) | [![age](
1049	2024-09-16T13:25:32Z	2024-09-16T13:32:03Z	chore(deps): update dependency eslint-plugin-unused-imports to v4.1.4	This PR contains the following updates: | Package | Change | Age | Adoption | Passing | Confidence | |---|---|---|---|---|---| | [eslint-plugin-unused-imports](https://redirect.github.com/sweepline/eslint-plugin-unused-imports) | [`4.1.3` -> `4.1.4`](https://renovatebot.com/diffs/npm/eslint-plugin-u
1048	2024-09-16T04:59:34Z	2024-10-02T23:19:26Z	fix(deps): update dependency chokidar to v4	This PR contains the following updates: | Package | Change | Age | Adoption | Passing | Confidence | |---|---|---|---|---|---| | [chokidar](https://redirect.github.com/paulmillr/chokidar) | [`3.6.0` -> `4.0.0`](https://renovatebot.com/diffs/npm/chokidar/3.6.0/4.0.0) | [![age](https://developer.mend.
1047	2024-09-15T22:21:41Z	2024-09-15T22:29:56Z	chore(deps): update dependency @types/jest to v29.5.13	This PR contains the following updates: | Package | Change | Age | Adoption | Passing | Confidence | |---|---|---|---|---|---| | [@types/jest](https://redirect.github.com/DefinitelyTyped/DefinitelyTyped/tree/master/types/jest) ([source](https://redirect.github.com/DefinitelyTyped/DefinitelyTyped/tre
1046	2024-09-15T04:36:53Z	2024-09-15T04:43:15Z	chore(deps): update dependency husky to v9.1.6	This PR contains the following updates: | Package | Change | Age | Adoption | Passing | Confidence | |---|---|---|---|---|---| | [husky](https://redirect.github.com/typicode/husky) | [`9.1.5` -> `9.1.6`](https://renovatebot.com/diffs/npm/husky/9.1.5/9.1.6) | [![age](https://developer.mend.io/api/mc/
1045	2024-09-14T16:28:28Z	2024-09-14T16:35:56Z	chore(deps): update dependency @swc/core to v1.7.26	This PR contains the following updates: | Package | Change | Age | Adoption | Passing | Confidence | |---|---|---|---|---|---| | [@swc/core](https://swc.rs) ([source](https://redirect.github.com/swc-project/swc)) | [`1.7.25` -> `1.7.26`](https://renovatebot.com/diffs/npm/@swc%2fcore/1.7.25/1.7.26) |
1044	2024-09-14T09:35:44Z	2024-09-14T09:41:53Z	chore(deps): update dependency @swc/core to v1.7.25	This PR contains the following updates: | Package | Change | Age | Adoption | Passing | Confidence | |---|---|---|---|---|---| | [@swc/core](https://swc.rs) ([source](https://redirect.github.com/swc-project/swc)) | [`1.7.24` -> `1.7.25`](https://renovatebot.com/diffs/npm/@swc%2fcore/1.7.24/1.7.25) |
1043	2024-09-12T22:34:14Z	2024-09-12T22:38:45Z	fix(deps): update dependency typescript to v5.6.2	This PR contains the following updates: | Package | Change | Age | Adoption | Passing | Confidence | |---|---|---|---|---|---| | [typescript](https://www.typescriptlang.org/) ([source](https://redirect.github.com/microsoft/TypeScript)) | [`5.5.4` -> `5.6.2`](https://renovatebot.com/diffs/npm/typescr
1042	2024-09-12T22:34:09Z	2024-09-13T00:21:21Z	chore(deps): update dependency node-mocks-http to v1.16.0	This PR contains the following updates: | Package | Change | Age | Adoption | Passing | Confidence | |---|---|---|---|---|---| | [node-mocks-http](https://redirect.github.com/eugef/node-mocks-http) | [`1.15.1` -> `1.16.0`](https://renovatebot.com/diffs/npm/node-mocks-http/1.15.1/1.16.0) | [![age](ht
1041	2024-09-11T09:28:48Z	2024-09-11T09:35:41Z	chore(deps): update dependency @swc/core to v1.7.24	This PR contains the following updates: | Package | Change | Age | Adoption | Passing | Confidence | |---|---|---|---|---|---| | [@swc/core](https://swc.rs) ([source](https://redirect.github.com/swc-project/swc)) | [`1.7.23` -> `1.7.24`](https://renovatebot.com/diffs/npm/@swc%2fcore/1.7.23/1.7.24) |
1040	2024-09-10T01:47:40Z	2024-09-10T01:51:48Z	chore(deps): update dependency eslint to v9.10.0	This PR contains the following updates: | Package | Change | Age | Adoption | Passing | Confidence | |---|---|---|---|---|---| | [eslint](https://eslint.org) ([source](https://redirect.github.com/eslint/eslint)) | [`9.9.1` -> `9.10.0`](https://renovatebot.com/diffs/npm/eslint/9.9.1/9.10.0) | [![age]
1039	2024-09-09T03:57:59Z	2024-09-09T04:02:46Z	fix(deps): update dependency debug to v4.3.7	This PR contains the following updates: | Package | Change | Age | Adoption | Passing | Confidence | |---|---|---|---|---|---| | [debug](https://redirect.github.com/debug-js/debug) | [`4.3.6` -> `4.3.7`](https://renovatebot.com/diffs/npm/debug/4.3.6/4.3.7) | [![age](https://developer.mend.io/api/mc/
1038	2024-09-08T01:23:03Z	2024-09-08T01:30:15Z	chore(deps): update dependency eslint-plugin-jest to v28.8.3	This PR contains the following updates: | Package | Change | Age | Adoption | Passing | Confidence | |---|---|---|---|---|---| | [eslint-plugin-jest](https://redirect.github.com/jest-community/eslint-plugin-jest) | [`28.8.2` -> `28.8.3`](https://renovatebot.com/diffs/npm/eslint-plugin-jest/28.8.2/28
1037	2024-09-07T12:55:15Z	2024-09-07T13:01:19Z	chore(deps): update dependency @changesets/cli to v2.27.8	This PR contains the following updates: | Package | Change | Age | Adoption | Passing | Confidence | |---|---|---|---|---|---| | [@changesets/cli](https://redirect.github.com/changesets/changesets/tree/main#readme) ([source](https://redirect.github.com/changesets/changesets)) | [`2.27.7` -> `2.27.8`
1036	2024-09-06T10:47:41Z	2024-09-06T10:55:03Z	chore(deps): update dependency eslint-plugin-import to v2.30.0	This PR contains the following updates: | Package | Change | Age | Adoption | Passing | Confidence | |---|---|---|---|---|---| | [eslint-plugin-import](https://redirect.github.com/import-js/eslint-plugin-import) | [`2.29.1` -> `2.30.0`](https://renovatebot.com/diffs/npm/eslint-plugin-import/2.29.1/2
1035	2024-09-06T05:05:08Z	2024-09-06T05:09:57Z	chore(deps): update dependency @swc/core to v1.7.23	This PR contains the following updates: | Package | Change | Age | Adoption | Passing | Confidence | |---|---|---|---|---|---| | [@swc/core](https://swc.rs) ([source](https://redirect.github.com/swc-project/swc)) | [`1.7.22` -> `1.7.23`](https://renovatebot.com/diffs/npm/@swc%2fcore/1.7.22/1.7.23) |
1034	2024-09-05T07:46:25Z	2024-09-05T07:53:09Z	chore(deps): update dependency eslint-plugin-jest to v28.8.2	This PR contains the following updates: | Package | Change | Age | Adoption | Passing | Confidence | |---|---|---|---|---|---| | [eslint-plugin-jest](https://redirect.github.com/jest-community/eslint-plugin-jest) | [`28.8.1` -> `28.8.2`](https://renovatebot.com/diffs/npm/eslint-plugin-jest/28.8.1/28
1033	2024-09-02T12:58:48Z	2024-09-02T13:06:08Z	chore(deps): update dependency @swc/core to v1.7.22	This PR contains the following updates: | Package | Change | Age | Adoption | Passing | Confidence | |---|---|---|---|---|---| | [@swc/core](https://swc.rs) ([source](https://redirect.github.com/swc-project/swc)) | [`1.7.21` -> `1.7.22`](https://renovatebot.com/diffs/npm/@swc%2fcore/1.7.21/1.7.22) |
1032	2024-09-02T00:40:27Z	2024-09-02T00:46:24Z	chore(deps): update dependency eslint-plugin-jest to v28.8.1	This PR contains the following updates: | Package | Change | Age | Adoption | Passing | Confidence | |---|---|---|---|---|---| | [eslint-plugin-jest](https://togithub.com/jest-community/eslint-plugin-jest) | [`28.8.0` -> `28.8.1`](https://renovatebot.com/diffs/npm/eslint-plugin-jest/28.8.0/28.8.1) |
